,Species,Atlas,Tissue,Status,Platform,Seq-type,Year,Accession,Link,Datasets,DOI,DatasetsURL
1,Human,Adult,Cerebral cortex,Multiple sclerosis,Chromium,snRNA-seq,2019,PRJNA544731,https://www.ncbi.nlm.nih.gov/bioproject/PRJNA544731,human_brain_Microglia_Schirmer_2019_10x,10.1038/s41586-019-1404-z,https://brain.ifr.unifiedcellatlas.org:61011/data/datasets/human_brain_Microglia_Schirmer_2019_10x.zip
2,Human,Adult,Motor cortex,Amyotrophic lateral sclerosis,Chromium,snRNA-seq,2021,GSE174332,https://www.ncbi.nlm.nih.gov/geo/query/acc.cgi?acc=GSE174332,human_brain_motor_cortex_Pineda_2021_10x,10.1101/2021.07.07.451374,https://brain.ifr.unifiedcellatlas.org:61011/data/datasets/human_brain_motor_cortex_Pineda_2021_10x.zip
3,Human,Adult,Motor cortex,Frontotemporal lobar degeneration,Chromium,snRNA-seq,2021,GSE174332,https://www.ncbi.nlm.nih.gov/geo/query/acc.cgi?acc=GSE174332,human_brain_motor_cortex_Pineda_2021_10x,10.1101/2021.07.07.451374,https://brain.ifr.unifiedcellatlas.org:61011/data/datasets/human_brain_motor_cortex_Pineda_2021_10x.zip
4,Human,Adult,Cerebral cortex,Autism spectrum disorder,Chromium,snRNA-seq,2019,PRJNA434002,https://www.ncbi.nlm.nih.gov/bioproject/PRJNA434002,human_brain_source_Velmeshev_2019,10.1126/science.aav8130,https://brain.ifr.unifiedcellatlas.org:61011/data/datasets/human_brain_source_Velmeshev_2019.zip
5,Human,Adult,White matter,Multiple sclerosis,Chromium,snRNA-seq,2019,GSE118257,https://www.ncbi.nlm.nih.gov/geo/query/acc.cgi?acc=GSE118257,human_brain_WhiteMatter_Jakel_2019_10x,10.1038/s41586-019-0903-2,https://brain.ifr.unifiedcellatlas.org:61011/data/datasets/human_brain_WhiteMatter_Jakel_2019_10x.zip
6,Human,Adult,Brain vasculature,Alzheimer's disease,Chromium,snRNA-seq,2021,GSE160936,https://www.ncbi.nlm.nih.gov/geo/query/acc.cgi?acc=GSE160936,human_brain_Microglia_Tsartsalis_2021_10x,10.1101/2021.10.27.465860,https://brain.ifr.unifiedcellatlas.org:61011/data/datasets/human_brain_Microglia_Tsartsalis_2021_10x.zip
7,Human,Adult,Substantia nigra,Healthy,Chromium,snRNA-seq,2020,GSE140231,https://www.ncbi.nlm.nih.gov/geo/query/acc.cgi?acc=GSE140231,human_brain_FC_Agarwal_2020_10x,10.1038/s41467-020-17876-0,https://brain.ifr.unifiedcellatlas.org:61011/data/datasets/human_brain_FC_Agarwal_2020_10x.zip
8,Human,Fetal,Ganglionic eminences,Development,Chromium,scRNA-seq,2021,GSE135827,https://www.ncbi.nlm.nih.gov/geo/query/acc.cgi?acc=GSE135827,human_brain_Ganglionic_eminences_Shi_2021_10x,10.1126/science.abj6641,https://brain.ifr.unifiedcellatlas.org:61011/data/datasets/human_brain_Ganglionic_eminences_Shi_2021_10x.zip
9,Human,Tumour,Tumour,Glioma,Chromium,scRNA-seq,2022,GSE173279,https://www.ncbi.nlm.nih.gov/geo/query/acc.cgi?acc=GSE173279,human_brain_GBMs_LeBlanc_2021_10x,10.1016/j.ccell.2022.02.016,https://brain.ifr.unifiedcellatlas.org:61011/data/datasets/human_brain_GBMs_LeBlanc_2021_10x.zip
10,Human,Tumour,Tumour,Glioma,Chromium,scRNA-seq,2022,GSE173278,https://www.ncbi.nlm.nih.gov/geo/query/acc.cgi?acc=GSE173278,human_brain_GBMs_LeBlanc_2021_10x,10.1016/j.ccell.2022.02.016,https://brain.ifr.unifiedcellatlas.org:61011/data/datasets/human_brain_GBMs_LeBlanc_2021_10x.zip
11,Human,Tumour,Organoid,Glioma,Chromium,scRNA-seq,2022,GSE193884,https://www.ncbi.nlm.nih.gov/geo/query/acc.cgi?acc=GSE193884,human_brain_GBMs_LeBlanc_2021_10x,10.1016/j.ccell.2022.02.016,https://brain.ifr.unifiedcellatlas.org:61011/data/datasets/human_brain_GBMs_LeBlanc_2021_10x.zip
12,Human,Tumour,Tumour,Glioma,STRT-seq,scRNA-seq,2020,GSE117891,https://www.ncbi.nlm.nih.gov/geo/query/acc.cgi?acc=GSE117891,human_brain_glioma_Yu_2020_STRTseq,10.1093/nsr/nwaa099,https://brain.ifr.unifiedcellatlas.org:61011/data/datasets/human_brain_glioma_Yu_2020_STRTseq.zip
13,Human,Adult,Spinal cord,Multiple sclerosis,Drop-seq,scRNA-seq,2020,GSE130105,https://www.ncbi.nlm.nih.gov/geo/query/acc.cgi?acc=GSE130105,human_mouse_brain_Wheeler_2020_DropSeq_10x,10.1038/s41586-020-1999-0,https://brain.ifr.unifiedcellatlas.org:61011/data/datasets/human_mouse_brain_Wheeler_2020_DropSeq_10x.zip
14,Human,Adult,Brain,Multiple sclerosis,Drop-seq,scRNA-seq,2020,GSE130105,https://www.ncbi.nlm.nih.gov/geo/query/acc.cgi?acc=GSE130105,human_mouse_brain_Wheeler_2020_DropSeq_10x,10.1038/s41586-020-1999-0,https://brain.ifr.unifiedcellatlas.org:61011/data/datasets/human_mouse_brain_Wheeler_2020_DropSeq_10x.zip
15,Human,Adult,Brain vasculature,Alzheimer's disease,Chromium,snRNA-seq,2022,N/A,http://compbio.mit.edu/scADbbb/,human_brain_CV_SunN_2022_10x,10.1101/2022.02.09.479797,https://brain.ifr.unifiedcellatlas.org:61011/data/datasets/human_brain_CV_SunN_2022_10x.zip
16,Human,Adult,Whole brain,Healthy,Chromium,snRNA-seq,2022,SCR_015820,https://scicrunch.org/scicrunch/Resources/record/nlx_144509-1/SCR_015820/resolver,human_brain_wholebrain_Siletti_2022_10x,10.1101/2022.10.12.511898,https://brain.ifr.unifiedcellatlas.org:61011/data/datasets/human_brain_wholebrain_Siletti_2022_10x.zip
17,Human,Adult,Cerebral cortex,Healthy,Chromium,snRNA-seq,2021,jhpce#tran2021,https://github.com/LieberInstitute/10xPilot_snRNAseq-human,human_brain_source_Tran_2021,10.1016/j.neuron.2021.09.001,https://brain.ifr.unifiedcellatlas.org:61011/data/datasets/human_brain_source_Tran_2021.zip
18,Human,Adult,Basal ganglia,Healthy,Chromium,snRNA-seq,2021,jhpce#tran2021,https://github.com/LieberInstitute/10xPilot_snRNAseq-human,human_brain_source_Tran_2021,10.1016/j.neuron.2021.09.001,https://brain.ifr.unifiedcellatlas.org:61011/data/datasets/human_brain_source_Tran_2021.zip
19,Human,Adult,Hippocampus,Healthy,Chromium,snRNA-seq,2021,jhpce#tran2021,https://github.com/LieberInstitute/10xPilot_snRNAseq-human,human_brain_source_Tran_2021,10.1016/j.neuron.2021.09.001,https://brain.ifr.unifiedcellatlas.org:61011/data/datasets/human_brain_source_Tran_2021.zip
20,Human,Adult,Amygdala,Healthy,Chromium,snRNA-seq,2021,jhpce#tran2021,https://github.com/LieberInstitute/10xPilot_snRNAseq-human,human_brain_source_Tran_2021,10.1016/j.neuron.2021.09.001,https://brain.ifr.unifiedcellatlas.org:61011/data/datasets/human_brain_source_Tran_2021.zip
21,Human,Adult,Cerebral cortex,Healthy,Smart-seq v4,scRNA-seq,2019,Human Multiple Cortical Areas Smart-seq,https://portal.brain-map.org/atlases-and-data/rnaseq/human-multiple-cortical-areas-Smart-seq,human_brain_MultipleCorticalAreas_AllenBrain_2019_SMART-Seq,https://portal.brain-map.org/atlases-and-data/rnaseq/human-multiple-cortical-areas-Smart-seq,https://brain.ifr.unifiedcellatlas.org:61011/data/datasets/human_brain_MultipleCorticalAreas_AllenBrain_2019_SMART-Seq.zip
22,Human,Adult,Motor cortex,Healthy,Chromium,snRNA-seq,2020,Human M1 10x,https://portal.brain-map.org/atlases-and-data/rnaseq/human-m1-10x,human_brain_motor cortex_AllenBrain_2020_10x,https://portal.brain-map.org/atlases-and-data/rnaseq/human-m1-10x,https://brain.ifr.unifiedcellatlas.org:61011/data/datasets/human_brain_motor cortex_AllenBrain_2020_10x.zip
23,Human,Adult,Prefrontal cortex,Multiple sclerosis,Chromium,snRNA-seq,2022,GSE179590,https://www.ncbi.nlm.nih.gov/geo/query/acc.cgi?acc=GSE179590,human_brain_PFC_Kihara_2022_10x,10.3389/fncel.2022.918041,https://brain.ifr.unifiedcellatlas.org:61011/data/datasets/human_brain_PFC_Kihara_2022_10x.zip
24,Human,Organoid,Cerebral cortex,Development,Chromium,snRNA-seq,2021,GSE163018,https://www.ncbi.nlm.nih.gov/geo/query/acc.cgi?acc=GSE163018,human_brain_CorticalOrganoids_Ziffra_2021_ATAC-seq_10x,10.1038/s41586-021-03209-8,https://brain.ifr.unifiedcellatlas.org:61011/data/datasets/human_brain_CorticalOrganoids_Ziffra_2021_ATAC-seq_10x.zip
25,Human,Fetal,Cerebellum,Development,Split-seq,scRNA-seq,2021,N/A,https://www.covid19cellatlas.org/aldinger20/,human_brain_FetalCerebellum_Aldinger_2021_SPLiT-seq,10.1038/s41593-021-00872-y,https://brain.ifr.unifiedcellatlas.org:61011/data/datasets/human_brain_FetalCerebellum_Aldinger_2021_SPLiT-seq.zip
26,Human,Fetal,Ganglionic eminences,Development,Chromium,scRNA-seq,2021,GSE165388,https://www.ncbi.nlm.nih.gov/geo/query/acc.cgi?acc=GSE165388,human_brain_fetal_Yu_2021_10x,10.1038/s41593-021-00940-3,https://brain.ifr.unifiedcellatlas.org:61011/data/datasets/human_brain_fetal_Yu_2021_10x.zip
27,Human,Adult,Prefrontal cortex,Alzheimer's disease,Chromium,snRNA-seq,2020,GSE157827,https://www.ncbi.nlm.nih.gov/geo/query/acc.cgi?acc=GSE157827,human_brain_Lau_2020_10x,10.1073/pnas.2008762117,https://brain.ifr.unifiedcellatlas.org:61011/data/datasets/human_brain_Lau_2020_10x.zip
28,Human,Adult,Midbrain,Parkinson's disease,Chromium,snRNA-seq,2021,GSE157783,https://www.ncbi.nlm.nih.gov/geo/query/acc.cgi?acc=GSE157783,human_brain_microglia_midbrain_Smajic_2022_10x,10.1093/brain/awab446,https://brain.ifr.unifiedcellatlas.org:61011/data/datasets/human_brain_microglia_midbrain_Smajic_2022_10x.zip
29,Human,Adult,Prefrontal cortex,Alzheimer's disease,Chromium,snRNA-seq,2022,GSE129308,https://www.ncbi.nlm.nih.gov/geo/query/acc.cgi?acc=GSE129308,human_brain_Otero-Garcia_2022_10x,10.1016/j.neuron.2022.06.021,https://brain.ifr.unifiedcellatlas.org:61011/data/datasets/human_brain_Otero-Garcia_2022_10x.zip
30,Human,Fetal,Brain,Development,Smart-seq2,scRNA-seq,2020,GSE141862,https://www.ncbi.nlm.nih.gov/geo/query/acc.cgi?acc=GSE141862,human_brain_Microglia_Kracht_2020_Smartseq2,10.1126/science.aba5906,https://brain.ifr.unifiedcellatlas.org:61011/data/datasets/human_brain_Microglia_Kracht_2020_Smartseq2.zip
31,Human,Fetal,Spinal cord,Development,Smart-seq2,scRNA-seq,2020,GSE141862,https://www.ncbi.nlm.nih.gov/geo/query/acc.cgi?acc=GSE141862,human_brain_Microglia_Kracht_2020_Smartseq2,10.1126/science.aba5906,https://brain.ifr.unifiedcellatlas.org:61011/data/datasets/human_brain_Microglia_Kracht_2020_Smartseq2.zip
32,Human,Organoid,Organoid,Organoid growth,Chromium,scRNA-seq,2021,GSE168323,https://www.ncbi.nlm.nih.gov/geo/query/acc.cgi?acc=GSE168323,human_brain_organoids_Fiorenzano_2021_10x,10.1038/s41467-021-27464-5,https://brain.ifr.unifiedcellatlas.org:61011/data/datasets/human_brain_organoids_Fiorenzano_2021_10x.zip
33,Human,Organoid,Organoid,Organoid growth,Chromium,scRNA-seq,2022,GSE190815,https://www.ncbi.nlm.nih.gov/geo/query/acc.cgi?acc=GSE190815,human_brain_organoids_Revah_2022_10x,10.1038/s41586-022-05277-w,https://brain.ifr.unifiedcellatlas.org:61011/data/datasets/human_brain_organoids_Revah_2022_10x.zip
34,Human,Adult,Prefrontal cortex,Major depressive disorder,Chromium,snRNA-seq,2020,GSE144136,https://www.ncbi.nlm.nih.gov/geo/query/acc.cgi?acc=GSE144136,human_brain_source_Nagy_2020,10.1038/s41593-020-0621-y,https://brain.ifr.unifiedcellatlas.org:61011/data/datasets/human_brain_source_Nagy_2020.zip
35,Human,Adult,Hippocampus,Healthy,Chromium,snRNA-seq,2021,GSE160189,https://www.ncbi.nlm.nih.gov/geo/query/acc.cgi?acc=GSE160189,human_brain_source_Fatma_2020,10.1016/j.neuron.2021.05.003,https://brain.ifr.unifiedcellatlas.org:61011/data/datasets/human_brain_source_Fatma_2020.zip
36,Human,Tumour,Tumour,Glioma,Chromium,scRNA-seq,2020,GSE139448,https://www.ncbi.nlm.nih.gov/geo/query/acc.cgi?acc=GSE139448,human_brain_radialglia_WangR_2020_10x,10.1016/j.stemcr.2020.01.007,https://brain.ifr.unifiedcellatlas.org:61011/data/datasets/human_brain_radialglia_WangR_2020_10x.zip
37,Human,Adult,Prefrontal cortex,Alzheimer's disease,Chromium,snRNA-seq,2022,GSE167494,https://www.ncbi.nlm.nih.gov/geo/query/acc.cgi?acc=GSE167494,human_brain_Sadick_2022_10x,10.1016/j.neuron.2022.03.008,https://brain.ifr.unifiedcellatlas.org:61011/data/datasets/human_brain_Sadick_2022_10x.zip
38,Human,Adult,Cerebral cortex,Healthy,Drop-seq,snRNA-seq,2017,GSE97930,https://www.ncbi.nlm.nih.gov/geo/query/acc.cgi?acc=GSE97930,human_brain_FC_Cerebellum_Lake_2017_snDrop-Seq,10.1038/nbt.4038,https://brain.ifr.unifiedcellatlas.org:61011/data/datasets/human_brain_FC_Cerebellum_Lake_2017_snDrop-Seq.zip
39,Human,Adult,Cerebellum,Healthy,Drop-seq,snRNA-seq,2017,GSE97930,https://www.ncbi.nlm.nih.gov/geo/query/acc.cgi?acc=GSE97930,human_brain_FC_Cerebellum_Lake_2017_snDrop-Seq,10.1038/nbt.4038,https://brain.ifr.unifiedcellatlas.org:61011/data/datasets/human_brain_FC_Cerebellum_Lake_2017_snDrop-Seq.zip
40,Human,Tumour,Tumour,Glioma,Smart-seq2,scRNA-seq,2019,GSE131928,https://www.ncbi.nlm.nih.gov/geo/query/acc.cgi?acc=GSE131928,human_brain_GBM_Neftel_2019_Smartseq2_10x,10.1016/j.cell.2019.06.024,https://brain.ifr.unifiedcellatlas.org:61011/data/datasets/human_brain_GBM_Neftel_2019_Smartseq2_10x.zip
41,Human,Tumour,Tumour,Glioma,Microwell-seq,scRNA-seq,2018,GSE103224,https://www.ncbi.nlm.nih.gov/geo/query/acc.cgi?acc=GSE103224,human_brain_glioma_Yuan_2018_Microwell,10.1186/s13073-018-0567-9,https://brain.ifr.unifiedcellatlas.org:61011/data/datasets/human_brain_glioma_Yuan_2018_Microwell.zip
42,Human,Adult,Cerebral cortex,Alzheimer's disease,Chromium,snRNA-seq,2021,GSE148822,https://www.ncbi.nlm.nih.gov/geo/query/acc.cgi?acc=GSE148822,human_brain_microglia_Gerrits_2021_10x,10.1007/s00401-021-02263-w,https://brain.ifr.unifiedcellatlas.org:61011/data/datasets/human_brain_microglia_Gerrits_2021_10x.zip
43,Human,Adult,Cerebral cortex,Frontotemporal dementia,Chromium,snRNA-seq,2022,GSE163122,https://www.ncbi.nlm.nih.gov/geo/query/acc.cgi?acc=GSE163122,human_brain_Frontaltemporal_Gerrits_2022_10x,10.1038/s41593-022-01124-3,https://brain.ifr.unifiedcellatlas.org:61011/data/datasets/human_brain_Frontaltemporal_Gerrits_2022_10x.zip
44,Human,Tumour,Tumour,Glioma,Smart-seq2,scRNA-seq,2017,GSE89567,https://www.ncbi.nlm.nih.gov/geo/query/acc.cgi?acc=GSE89567,human_brain_glial_Venteicher_Smartseq2,10.1126/science.aai8478,https://brain.ifr.unifiedcellatlas.org:61011/data/datasets/human_brain_glial_Venteicher_Smartseq2.zip
45,Human,Tumour,Tumour,Glioma,mCEL-seq2,scRNA-seq,2019,GSE135437,https://www.ncbi.nlm.nih.gov/geo/query/acc.cgi?acc=GSE135437,human_brain_GBM_Sankowski_2019_mCEL-seq2,10.1038/s41593-019-0532-y,https://brain.ifr.unifiedcellatlas.org:61011/data/datasets/human_brain_GBM_Sankowski_2019_mCEL-seq2.zip
46,Human,Adult,Entorhinal cortex,Alzheimer's disease,DroNc-seq,snRNA-seq,2019,GSE138852,https://www.ncbi.nlm.nih.gov/geo/query/acc.cgi?acc=GSE138852,human_brain_entorhinalcortex_Grubman_2019_DroNc-seq,10.1038/s41593-019-0539-4,https://brain.ifr.unifiedcellatlas.org:61011/data/datasets/human_brain_entorhinalcortex_Grubman_2019_DroNc-seq.zip
47,Human,Adult,Cerebral cortex,Alzheimer's disease,Chromium,snRNA-seq,2021,GSE147528,https://www.ncbi.nlm.nih.gov/geo/query/acc.cgi?acc=GSE147528,human_brain_Leng_2021_10x,10.1038/s41593-020-00764-7,https://brain.ifr.unifiedcellatlas.org:61011/data/datasets/human_brain_Leng_2021_10x.zip
48,Human,Adult,Microglia,Alzheimer's disease,Chromium,snRNA-seq,2020,GSE146639,https://www.ncbi.nlm.nih.gov/geo/query/acc.cgi?acc=GSE146639,human_brain_Alsema_2020_10x,10.3389/fnmol.2020.00134,https://brain.ifr.unifiedcellatlas.org:61011/data/datasets/human_brain_Alsema_2020_10x.zip
49,Human,Fetal,Cerebral cortex,Glioma,Modified Smart-seq2,scRNA-seq,2021,GSE144462,https://www.ncbi.nlm.nih.gov/geo/query/acc.cgi?acc=GSE144462,human_brain_glial_Fu_2021_PCR,10.1016/j.celrep.2021.108788,https://brain.ifr.unifiedcellatlas.org:61011/data/datasets/human_brain_glial_Fu_2021_PCR.zip
50,Human,Fetal,Cerebral cortex,Development,Modified Smart-seq2,scRNA-seq,2021,GSE144462,https://www.ncbi.nlm.nih.gov/geo/query/acc.cgi?acc=GSE144462,human_brain_glial_Fu_2021_PCR,10.1016/j.celrep.2021.108788,https://brain.ifr.unifiedcellatlas.org:61011/data/datasets/human_brain_glial_Fu_2021_PCR.zip
51,Human,Fetal,Cerebral cortex,Development,STRT-seq,scRNA-seq,2018,GSE103723,https://www.ncbi.nlm.nih.gov/geo/query/acc.cgi?acc=GSE103723,human_brain_source_Fan_2018,10.1038/s41422-018-0053-3,https://brain.ifr.unifiedcellatlas.org:61011/data/datasets/human_brain_source_Fan_2018.zip
52,Human,Adult,Basal ganglia,Healthy,Chromium,snRNA-seq,2019,GSE126836,https://www.ncbi.nlm.nih.gov/geo/query/acc.cgi?acc=GSE126836,human_mouse_brain_Welch_2019_10x,10.1016/j.cell.2019.05.006,https://brain.ifr.unifiedcellatlas.org:61011/data/datasets/human_mouse_brain_Welch_2019_10x.zip
53,Human,Adult,Basal ganglia,Parkinson's disease,Drop-seq,snRNA-seq,2022,GSE178265,https://www.ncbi.nlm.nih.gov/geo/query/acc.cgi?acc=GSE178265,mouse_brain_SNpc_Kamath_2022_10x_Slide,10.1038/s41593-022-01061-1,https://brain.ifr.unifiedcellatlas.org:61011/data/datasets/mouse_brain_SNpc_Kamath_2022_10x_Slide.zip
54,Human,Adult,Prefrontal cortex,Healthy,DroNc-seq,scRNA-seq,2017,GSE71585,https://www.ncbi.nlm.nih.gov/geo/query/acc.cgi?acc=GSE71585,mouse_brain_source_Habib_2017,10.1038/nmeth.4407,https://brain.ifr.unifiedcellatlas.org:61011/data/datasets/mouse_brain_source_Habib_2017.zip
55,Human,Adult,Hippocampus,Healthy,DroNc-seq,scRNA-seq,2017,GSE71585,https://www.ncbi.nlm.nih.gov/geo/query/acc.cgi?acc=GSE71585,mouse_brain_source_Habib_2017,10.1038/nmeth.4407,https://brain.ifr.unifiedcellatlas.org:61011/data/datasets/mouse_brain_source_Habib_2017.zip
56,Human,Fetal,Cerebral cortex,Development,Chromium,scRNA-seq,2021,GSE162170,https://www.ncbi.nlm.nih.gov/geo/query/acc.cgi?acc=GSE162170,human_brain_Trevino_cortex_2021_10x,10.1016/j.cell.2021.07.039,https://brain.ifr.unifiedcellatlas.org:61011/data/datasets/human_brain_Trevino_cortex_2021_10x.zip
57,Human,Fetal,Hippocampus,Development,Chromium,scRNA-seq,2020,GSE131258,https://www.ncbi.nlm.nih.gov/geo/query/acc.cgi?acc=GSE131258,human_brain_hippocampus_Zhong_2019_ATAC-seq,10.1038/s41586-019-1917-5,https://brain.ifr.unifiedcellatlas.org:61011/data/datasets/human_brain_hippocampus_Zhong_2019_ATAC-seq.zip
58,Human,Fetal,Cerebral cortex,Development,Chromium,scRNA-seq,2017,N/A,http://bit.ly/cortexSingleCell,human_brain_RadialGlia_Nowakowski_2017_FluidigmC1,10.1126/science.aap8809,https://brain.ifr.unifiedcellatlas.org:61011/data/datasets/human_brain_RadialGlia_Nowakowski_2017_FluidigmC1.zip
59,Human,Tumour,Tumour,Glioma,Chromium,scRNA-seq,2021,GSE148842,https://www.ncbi.nlm.nih.gov/geo/query/acc.cgi?acc=GSE148842,human_brain_GBM_Zhao_2020_Microwell,10.1186/s13073-021-00894-y,https://brain.ifr.unifiedcellatlas.org:61011/data/datasets/human_brain_GBM_Zhao_2020_Microwell.zip
60,Human,Adult,Brain vasculature,Malform vasculature,Chromium,snRNA-seq,2022,N/A,https://cells.ucsc.edu/?ds=adult-brain-vasc,human_brain_vascular_winkler_2022_10x,10.1126/science.abi7377,https://brain.ifr.unifiedcellatlas.org:61011/data/datasets/human_brain_vascular_winkler_2022_10x.zip
61,Human,Tumour,Tumour,Glioma,Smart-seq2,scRNA-seq,2018,GSE102130,https://www.ncbi.nlm.nih.gov/geo/query/acc.cgi?acc=GSE102130,human_brain_glioma_Filbin_2018_Smartseq2,10.1126/science.aao4750,https://brain.ifr.unifiedcellatlas.org:61011/data/datasets/human_brain_glioma_Filbin_2018_Smartseq2.zip
62,Human,Tumour,Tumour,Glioma,Smart-seq2,scRNA-seq,2017,GSE84465,https://www.ncbi.nlm.nih.gov/geo/query/acc.cgi?acc=GSE84465,human_brain_Glioblastoma_Darmanis_2017_SmartSeq2,10.1016/j.celrep.2017.10.030,https://brain.ifr.unifiedcellatlas.org:61011/data/datasets/human_brain_Glioblastoma_Darmanis_2017_SmartSeq2.zip
63,Human,Tumour,Tumour,Glioma,STRT-seq,scRNA-seq,2016,GSE70630,https://www.ncbi.nlm.nih.gov/geo/query/acc.cgi?acc=GSE70630,human_brain_Oligodendrogliomas_Tirosh_2016_Smartseq2_STRT-seq,10.1038/nature20123,https://brain.ifr.unifiedcellatlas.org:61011/data/datasets/human_brain_Oligodendrogliomas_Tirosh_2016_Smartseq2_STRT-seq.zip
64,Human,Organoid,Organoid,Organoid growth,Chromium,scRNA-seq,2021,E-MTAB-10974,https://www.ebi.ac.uk/biostudies/arrayexpress/studies/E-MTAB-10974,human_brain_cerebral_organoids_He_2021_10x_Visium_iTracer_perturb,10.1038/s41592-021-01344-8,https://brain.ifr.unifiedcellatlas.org:61011/data/datasets/human_brain_cerebral_organoids_He_2021_10x_Visium_iTracer_perturb.zip
65,Human,Organoid,Organoid,Organoid growth,Chromium,scRNA-seq,2022,E-MTAB-12001,https://www.ebi.ac.uk/biostudies/arrayexpress/studies/E-MTAB-12001,human_brain_cerebral_organoids_Fleck_2022_10x_ATAC,10.1038/s41586-022-05279-8,https://brain.ifr.unifiedcellatlas.org:61011/data/datasets/human_brain_cerebral_organoids_Fleck_2022_10x_ATAC.zip
66,Human,Adult,Prefrontal cortex,Healthy,Chromium,snRNA-seq,2022,SCR_016152,https://assets.nemoarchive.org/dat-37m82a9dat-zkgd0it,human_chimp_macaque_PFC_Ma_2022_ATAC-seq_10x,10.1126/science.abo7257,https://brain.ifr.unifiedcellatlas.org:61011/data/datasets/human_chimp_macaque_PFC_Ma_2022_ATAC-seq_10x.zip
67,Human,Organoid,Organoid,Development,Chromium,scRNA-seq,2019,E-MTAB-8230,https://www.ebi.ac.uk/biostudies/arrayexpress/studies/E-MTAB-8230,human_chimpanzee_bonobo_macaque_brain_source_Kanton_2019,10.1038/s41586-019-1654-9,https://brain.ifr.unifiedcellatlas.org:61011/data/datasets/human_chimpanzee_bonobo_macaque_brain_source_Kanton_2019.zip
68,Human,Adult,Cerebral cortex,Healthy,STRT-seq2,snRNA-seq,2017,GSE101601,https://www.ncbi.nlm.nih.gov/geo/query/acc.cgi?acc=GSE101601,human_mouse_brain_SomatosensoryCortex_Hochgarner_2017_STRT-seq,10.1038/s41598-017-16546-4,https://brain.ifr.unifiedcellatlas.org:61011/data/datasets/human_mouse_brain_SomatosensoryCortex_Hochgarner_2017_STRT-seq.zip
69,Human,Adult,Cingulate cortex,Healthy,Chromium,snRNA-seq,2019,syn22213200,https://www.synapse.org/#!Synapse:syn22213200,human_mouse_brain_source_Gaublomme_2019,10.1038/s41467-019-10756-2,https://brain.ifr.unifiedcellatlas.org:61011/data/datasets/human_mouse_brain_source_Gaublomme_2019.zip
70,Human,Adult,Cerebral cortex,Healthy,Chromium,scRNA-seq,2018,N/A,http://development.psychencode.org/#,human_brain_frontoparietal_Li_2018,10.1126/science.aat7615,https://brain.ifr.unifiedcellatlas.org:61011/data/datasets/human_brain_frontoparietal_Li_2018.zip
71,Human,Fetal,Cerebral cortex,Development,Fluidigm C1,scRNA-seq,2018,N/A,http://development.psychencode.org/#,human_brain_frontoparietal_Li_2018,10.1126/science.aat7615,https://brain.ifr.unifiedcellatlas.org:61011/data/datasets/human_brain_frontoparietal_Li_2018.zip
72,Human,Fetal,Prefrontal cortex,Development,Smart-seq2,scRNA-seq,2018,GSE104276,https://www.ncbi.nlm.nih.gov/geo/query/acc.cgi?acc=GSE104276,human_brain_source_Zhong_2018,10.1038/nature25980,https://brain.ifr.unifiedcellatlas.org:61011/data/datasets/human_brain_source_Zhong_2018.zip
73,Human,Fetal,Cerebral cortex,Development,Chromium,scRNA-seq,2020,GSE132672,https://www.ncbi.nlm.nih.gov/geo/query/acc.cgi?acc=GSE132672,brain_Bhaduri2020_Human_10x,10.1038/s41586-020-1962-0,https://brain.ifr.unifiedcellatlas.org:61011/data/datasets/brain_Bhaduri2020_Human_10x.zip
74,Human,Organoid,Organoid,Organoid growth,Chromium,scRNA-seq,2020,GSE132672,https://www.ncbi.nlm.nih.gov/geo/query/acc.cgi?acc=GSE132672,brain_Bhaduri2020_Human_10x,10.1038/s41586-020-1962-0,https://brain.ifr.unifiedcellatlas.org:61011/data/datasets/brain_Bhaduri2020_Human_10x.zip
75,Human,Organoid,Organoid,Healthy,STICR,scRNA-seq,2021,GSE187875,https://www.ncbi.nlm.nih.gov/geo/query/acc.cgi?acc=GSE187875,human_brain_cerebralcortex_Delgato_2022,10.1038/s41586-021-04230-7,https://brain.ifr.unifiedcellatlas.org:61011/data/datasets/human_brain_cerebralcortex_Delgato_2022.zip
76,Human,Adult,Hippocampus,Development,Split-seq,snRNA-seq,2022,GSE199243,https://www.ncbi.nlm.nih.gov/geo/query/acc.cgi?acc=GSE199243,human_brain_Hippocampus_Su_2022_10x,10.1016/j.stem.2022.09.010,https://brain.ifr.unifiedcellatlas.org:61011/data/datasets/human_brain_Hippocampus_Su_2022_10x.zip
77,Human,Adult,Hippocampus,Development,Split-seq,snRNA-seq,2022,GSE185553,https://www.ncbi.nlm.nih.gov/geo/query/acc.cgi?acc=GSE185553,human_brain_hippocampus_YiZhou_2022_10x,10.1038/s41586-022-04912-w,https://brain.ifr.unifiedcellatlas.org:61011/data/datasets/human_brain_hippocampus_YiZhou_2022_10x.zip
78,Human,Adult,Hippocampus,Development,Split-seq,snRNA-seq,2022,GSE185277,https://www.ncbi.nlm.nih.gov/geo/query/acc.cgi?acc=GSE185277,human_brain_hippocampus_YiZhou_2022_10x,10.1038/s41586-022-04912-w,https://brain.ifr.unifiedcellatlas.org:61011/data/datasets/human_brain_hippocampus_YiZhou_2022_10x.zip
79,Human,Adult,Hippocampus,Alzheimer's disease,Split-seq,snRNA-seq,2022,GSE198323,https://www.ncbi.nlm.nih.gov/geo/query/acc.cgi?acc=GSE198323,human_brain_hippocampus_YiZhou_2022_10x,10.1038/s41586-022-04912-w,https://brain.ifr.unifiedcellatlas.org:61011/data/datasets/human_brain_hippocampus_YiZhou_2022_10x.zip
80,Human,Fetal,Pituitary gland,Development,Modified split-seq,scRNA-seq,2020,GSE142653,https://www.ncbi.nlm.nih.gov/geo/query/acc.cgi?acc=GSE142653,human_brain_Pituitary_gland_Zhang_2020_STRTseq,10.1038/s41467-020-19012-4,https://brain.ifr.unifiedcellatlas.org:61011/data/datasets/human_brain_Pituitary_gland_Zhang_2020_STRTseq.zip
81,Human,Adult,Cerebral cortex,Alzheimer's disease,Chromium,snRNA-seq,2022,GSE160936,https://www.ncbi.nlm.nih.gov/geo/query/acc.cgi?acc=GSE160936,human_brain_Smith_2022_10x,10.1007/s00401-021-02372-6,https://brain.ifr.unifiedcellatlas.org:61011/data/datasets/human_brain_Smith_2022_10x.zip
82,Human,Fetal,Whole brain,Development,Chromium,scRNA-seq,2022,N/A,https://github.com/linnarsson-lab/developing-human-brain/,human_brain_fetal_Braun_2022_10x,10.1101/2022.10.24.513487,https://brain.ifr.unifiedcellatlas.org:61011/data/datasets/human_brain_fetal_Braun_2022_10x.zip
83,Human,Adult,Thalamus,Healthy,Smart-seq v4,snRNA-seq,2021,GSE182211,https://www.ncbi.nlm.nih.gov/geo/query/acc.cgi?acc=GSE182211,human_mouse_macque_brain_Bakken_2021_SMARTer,10.7554/eLife.64875,https://brain.ifr.unifiedcellatlas.org:61011/data/datasets/human_mouse_macque_brain_Bakken_2021_SMARTer.zip
84,Human,Adult,Hippocampus,Healthy,Chromium,snRNA-seq,2021,GSE186538,https://www.ncbi.nlm.nih.gov/geo/query/acc.cgi?acc=GSE186538,human_brain_hippocampus_Franjic_2021_10x,10.1016/j.neuron.2021.10.036,https://brain.ifr.unifiedcellatlas.org:61011/data/datasets/human_brain_hippocampus_Franjic_2021_10x.zip
85,Mouse,Mouse,Hippocampus,Development,Chromium,scRNA-seq,2018,GSE95315,https://www.ncbi.nlm.nih.gov/geo/query/acc.cgi?acc=GSE95315,mouse_brain_dentate_gyrus_Hochgerner_2018_10x_C1,10.1038/s41593-017-0056-2,https://brain.ifr.unifiedcellatlas.org:61011/data/datasets/mouse_brain_dentate_gyrus_Hochgerner_2018_10x_C1.zip
86,Mouse,Mouse,Hippocampus,Development,Chromium,scRNA-seq,2018,GSE104323,https://www.ncbi.nlm.nih.gov/geo/query/acc.cgi?acc=GSE104323,mouse_brain_dentate_gyrus_Hochgerner_2018_10x_C1,10.1038/s41593-017-0056-2,https://brain.ifr.unifiedcellatlas.org:61011/data/datasets/mouse_brain_dentate_gyrus_Hochgerner_2018_10x_C1.zip
87,Human,Fetal,Midbrain,Development,STRT-seq,scRNA-seq,2016,GSE76381,https://www.ncbi.nlm.nih.gov/geo/query/acc.cgi?acc=GSE76381,human_mouse_brain_midbrain_LaManno_2016_STRT-seq,10.1016/j.cell.2016.09.027,https://brain.ifr.unifiedcellatlas.org:61011/data/datasets/human_mouse_brain_midbrain_LaManno_2016_STRT-seq.zip
88,Mouse,Mouse,Cerebullum,Healthy,Chromium,scRNA-seq,2021,GSE165371,https://www.nature.com/articles/s41586-021-03220-z#data-availability,mouse_brain_Cerebullum_Kozareva_2021_10x,10.1038/s41586-021-03220-z,https://brain.ifr.unifiedcellatlas.org:61011/data/datasets/mouse_brain_Cerebullum_Kozareva_2021_10x.zip
89,Mouse,Mouse,Striatum,Healthy,Chromium,snRNA-seq,2020,GSE149897,https://www.ncbi.nlm.nih.gov/geo/query/acc.cgi?acc=GSE149897,mouse_brain_Striatum_Microglia_Badimon_2020_10x,10.1038/s41586-020-2777-8,https://brain.ifr.unifiedcellatlas.org:61011/data/datasets/mouse_brain_Striatum_Microglia_Badimon_2020_10x.zip
90,Mouse,Mouse,Cortex,Healthy,Chromium,scRNA-seq,2017,GSE93421,https://singlecell.broadinstitute.org/single_cell/data/public/SCP383,mouse_brain_cortex_Zheng_2017_10x,10.1038/ncomms14049,https://brain.ifr.unifiedcellatlas.org:61011/data/datasets/mouse_brain_cortex_Zheng_2017_10x.zip
91,Mouse,Mouse,Hippocampus,Healthy,Chromium,scRNA-seq,2017,GSE93421,https://singlecell.broadinstitute.org/single_cell/data/public/SCP383,mouse_brain_cortex_Zheng_2017_10x,10.1038/ncomms14049,https://brain.ifr.unifiedcellatlas.org:61011/data/datasets/mouse_brain_cortex_Zheng_2017_10x.zip
92,Mouse,Mouse,Subventricular zone,Healthy,Chromium,scRNA-seq,2017,GSE93421,https://singlecell.broadinstitute.org/single_cell/data/public/SCP383,mouse_brain_cortex_Zheng_2017_10x,10.1038/ncomms14049,https://brain.ifr.unifiedcellatlas.org:61011/data/datasets/mouse_brain_cortex_Zheng_2017_10x.zip
93,Mouse,Mouse,CTX-HPF,Healthy,Chromium,scRNA-seq,2021,N/A,https://portal.brain-map.org/atlases-and-data/rnaseq/mouse-whole-cortex-and-hippocampus-10x,mouse_brain_CTX-HPF_AllenBrain_2020_10x,10.1016/j.cell.2021.04.021,https://brain.ifr.unifiedcellatlas.org:61011/data/datasets/mouse_brain_CTX-HPF_AllenBrain_2020_10x.zip
94,Mouse,Mouse,Frontal cortex,Healthy,Drop-seq,scRNA-seq,2018,GSE116470,http://dropviz.org/,mouse_brain_Saunders_2018_Drop-Seq,10.1016/j.cell.2018.07.028,https://brain.ifr.unifiedcellatlas.org:61011/data/datasets/mouse_brain_Saunders_2018_Drop-Seq.zip
95,Mouse,Mouse,Hippocampus,Healthy,Drop-seq,scRNA-seq,2018,GSE116470,http://dropviz.org/,mouse_brain_Saunders_2018_Drop-Seq,10.1016/j.cell.2018.07.028,https://brain.ifr.unifiedcellatlas.org:61011/data/datasets/mouse_brain_Saunders_2018_Drop-Seq.zip
96,Mouse,Mouse,Thalamus,Healthy,Drop-seq,scRNA-seq,2018,GSE116470,http://dropviz.org/,mouse_brain_Saunders_2018_Drop-Seq,10.1016/j.cell.2018.07.028,https://brain.ifr.unifiedcellatlas.org:61011/data/datasets/mouse_brain_Saunders_2018_Drop-Seq.zip
97,Mouse,Mouse,Poster cortex,Healthy,Drop-seq,scRNA-seq,2018,GSE116470,http://dropviz.org/,mouse_brain_Saunders_2018_Drop-Seq,10.1016/j.cell.2018.07.028,https://brain.ifr.unifiedcellatlas.org:61011/data/datasets/mouse_brain_Saunders_2018_Drop-Seq.zip
98,Mouse,Mouse,Cerebellum,Healthy,Drop-seq,scRNA-seq,2018,GSE116470,http://dropviz.org/,mouse_brain_Saunders_2018_Drop-Seq,10.1016/j.cell.2018.07.028,https://brain.ifr.unifiedcellatlas.org:61011/data/datasets/mouse_brain_Saunders_2018_Drop-Seq.zip
99,Mouse,Mouse,Striatum,Healthy,Drop-seq,scRNA-seq,2018,GSE116470,http://dropviz.org/,mouse_brain_Saunders_2018_Drop-Seq,10.1016/j.cell.2018.07.028,https://brain.ifr.unifiedcellatlas.org:61011/data/datasets/mouse_brain_Saunders_2018_Drop-Seq.zip
100,Mouse,Mouse,Globus pallidus extermus,Healthy,Drop-seq,scRNA-seq,2018,GSE116470,http://dropviz.org/,mouse_brain_Saunders_2018_Drop-Seq,10.1016/j.cell.2018.07.028,https://brain.ifr.unifiedcellatlas.org:61011/data/datasets/mouse_brain_Saunders_2018_Drop-Seq.zip
101,Mouse,Mouse,Entopeduncular nucleus,Healthy,Drop-seq,scRNA-seq,2018,GSE116470,http://dropviz.org/,mouse_brain_Saunders_2018_Drop-Seq,10.1016/j.cell.2018.07.028,https://brain.ifr.unifiedcellatlas.org:61011/data/datasets/mouse_brain_Saunders_2018_Drop-Seq.zip
102,Mouse,Mouse,Substansia nigra,Healthy,Drop-seq,scRNA-seq,2018,GSE116470,http://dropviz.org/,mouse_brain_Saunders_2018_Drop-Seq,10.1016/j.cell.2018.07.028,https://brain.ifr.unifiedcellatlas.org:61011/data/datasets/mouse_brain_Saunders_2018_Drop-Seq.zip
103,Mouse,Mouse,Hypothalamus,Development,Chromium,scRNA-seq,2020,GSE132355,https://www.ncbi.nlm.nih.gov/geo/query/acc.cgi?acc=GSE132355,mouse_brain_hypothalamus_Kim_2020_10x,10.1038/s41467-020-18231-z,https://brain.ifr.unifiedcellatlas.org:61011/data/datasets/mouse_brain_hypothalamus_Kim_2020_10x.zip
104,Mouse,Mouse,Dorsal raphe nucleus,Rabies,InDrops,scRNA-seq,2020,GSE136455,https://www.ncbi.nlm.nih.gov/geo/query/acc.cgi?acc=GSE136455,mouse_brain_dorsal_raphe_nucleus_Huang_2020_InDrops,10.3389/fncel.2020.00065,https://brain.ifr.unifiedcellatlas.org:61011/data/datasets/mouse_brain_dorsal_raphe_nucleus_Huang_2020_InDrops.zip
105,Mouse,Mouse,Hippocampus,Development,Slide-seqV2,scRNA-seq,2020,SCP815,https://singlecell.broadinstitute.org/single_cell/study/SCP815,mouse_brain_Hippocampus_Stickels_2021_Slide_seqV2,10.1038/s41587-020-0739-1,https://brain.ifr.unifiedcellatlas.org:61011/data/datasets/mouse_brain_Hippocampus_Stickels_2021_Slide_seqV2.zip
106,Mouse,Mouse,Embryo,Development,Chromium,scRNA-seq,2021,PRJNA637987,http://mousebrain.org/development/downloads.html,mouse_brain_LaManno_2021_10x_HybISS,10.1038/s41586-021-03775-x,https://brain.ifr.unifiedcellatlas.org:61011/data/datasets/mouse_brain_LaManno_2021_10x_HybISS.zip
107,Mouse,Mouse,Hindbrain,Development,Chromium,scRNA-seq,2021,PRJNA637987,http://mousebrain.org/development/downloads.html,mouse_brain_LaManno_2021_10x_HybISS,10.1038/s41586-021-03775-x,https://brain.ifr.unifiedcellatlas.org:61011/data/datasets/mouse_brain_LaManno_2021_10x_HybISS.zip
108,Mouse,Mouse,Midbrain,Development,Chromium,scRNA-seq,2021,PRJNA637987,http://mousebrain.org/development/downloads.html,mouse_brain_LaManno_2021_10x_HybISS,10.1038/s41586-021-03775-x,https://brain.ifr.unifiedcellatlas.org:61011/data/datasets/mouse_brain_LaManno_2021_10x_HybISS.zip
109,Mouse,Mouse,Forebrain,Development,Chromium,scRNA-seq,2021,PRJNA637987,http://mousebrain.org/development/downloads.html,mouse_brain_LaManno_2021_10x_HybISS,10.1038/s41586-021-03775-x,https://brain.ifr.unifiedcellatlas.org:61011/data/datasets/mouse_brain_LaManno_2021_10x_HybISS.zip
110,Mouse,Mouse,Medial Prefrontal Cortex,Healthy,Chromium,snRNA-seq,2019,GSE135326,https://www.ncbi.nlm.nih.gov/geo/query/acc.cgi?acc=GSE135326,mouse_brain_Chu_2019_10x,10.1038/s41586-019-1644-y,https://brain.ifr.unifiedcellatlas.org:61011/data/datasets/mouse_brain_Chu_2019_10x.zip
111,Mouse,Mouse,Hypothalamus,Healthy,Chromium,scRNA-seq,2019,10.17632/ypx3sw2f7c.1,https://prod-dcd-datasets-cache-zipfiles.s3.eu-west-1.amazonaws.com/ypx3sw2f7c-1.zip,mouse_brain_VMH_Kim_2019_10x_smart_seqFISH,10.1016/j.cell.2019.09.020,https://brain.ifr.unifiedcellatlas.org:61011/data/datasets/mouse_brain_VMH_Kim_2019_10x_smart_seqFISH.zip
112,Mouse,Mouse,Hypothalamus,Healthy,SMARTer,scRNA-seq,2019,10.17632/ypx3sw2f7c.1,https://prod-dcd-datasets-cache-zipfiles.s3.eu-west-1.amazonaws.com/ypx3sw2f7c-1.zip,mouse_brain_VMH_Kim_2019_10x_smart_seqFISH,10.1016/j.cell.2019.09.020,https://brain.ifr.unifiedcellatlas.org:61011/data/datasets/mouse_brain_VMH_Kim_2019_10x_smart_seqFISH.zip
113,Mouse,Mouse,Hypothalamus,Healthy,seqFISH,scRNA-seq,2019,10.17632/ypx3sw2f7c.1,https://prod-dcd-datasets-cache-zipfiles.s3.eu-west-1.amazonaws.com/ypx3sw2f7c-1.zip,mouse_brain_VMH_Kim_2019_10x_smart_seqFISH,10.1016/j.cell.2019.09.020,https://brain.ifr.unifiedcellatlas.org:61011/data/datasets/mouse_brain_VMH_Kim_2019_10x_smart_seqFISH.zip
114,Mouse,Mouse,Embryos,Development,Microwell-seq,scRNA-seq,2022,GSE178217,https://www.ncbi.nlm.nih.gov/geo/query/acc.cgi?acc=GSE178217,mouse_brain_Brain_Fei_2022_Microwell,10.21203/rs.3.rs-1544600/v1,https://brain.ifr.unifiedcellatlas.org:61011/data/datasets/mouse_brain_Brain_Fei_2022_Microwell.zip
115,Mouse,Mouse,Whole brain,Development,Microwell-seq,scRNA-seq,2022,GSE176063,https://www.ncbi.nlm.nih.gov/geo/query/acc.cgi?acc=GSE176063,mouse_brain_Brain_Fei_2022_Microwell,10.21203/rs.3.rs-1544600/v1,https://brain.ifr.unifiedcellatlas.org:61011/data/datasets/mouse_brain_Brain_Fei_2022_Microwell.zip
116,Mouse,Mouse,Striatum,Huntington's disease,Chromium,snRNA-seq,2020,GSE141856,https://www.ncbi.nlm.nih.gov/geo/query/acc.cgi?acc=GSE141856,mouse_brain_Striatum_Wertz_2020_10x,10.1016/j.neuron.2020.01.004,https://brain.ifr.unifiedcellatlas.org:61011/data/datasets/mouse_brain_Striatum_Wertz_2020_10x.zip
117,Mouse,Mouse,Amygdala,Healthy,Chromium,scRNA-seq,2018,SRP135960,https://data.humancellatlas.org/explore/projects/2c041c26-f75a-495f-ab36-a076f89d422a/project-matrices,mouse_brain_source_Amit_2018,10.1016/j.cell.2018.06.021,https://brain.ifr.unifiedcellatlas.org:61011/data/datasets/mouse_brain_source_Amit_2018.zip
118,Mouse,Mouse,Cerebellum,Healthy,Chromium,scRNA-seq,2018,SRP135960,https://data.humancellatlas.org/explore/projects/2c041c26-f75a-495f-ab36-a076f89d422a/project-matrices,mouse_brain_source_Amit_2018,10.1016/j.cell.2018.06.021,https://brain.ifr.unifiedcellatlas.org:61011/data/datasets/mouse_brain_source_Amit_2018.zip
119,Mouse,Mouse,Cortex,Healthy,Chromium,scRNA-seq,2018,SRP135960,https://data.humancellatlas.org/explore/projects/2c041c26-f75a-495f-ab36-a076f89d422a/project-matrices,mouse_brain_source_Amit_2018,10.1016/j.cell.2018.06.021,https://brain.ifr.unifiedcellatlas.org:61011/data/datasets/mouse_brain_source_Amit_2018.zip
120,Mouse,Mouse,Dorsal root ganglion,Healthy,Chromium,scRNA-seq,2018,SRP135960,https://data.humancellatlas.org/explore/projects/2c041c26-f75a-495f-ab36-a076f89d422a/project-matrices,mouse_brain_source_Amit_2018,10.1016/j.cell.2018.06.021,https://brain.ifr.unifiedcellatlas.org:61011/data/datasets/mouse_brain_source_Amit_2018.zip
121,Mouse,Mouse,Dorsal striatum,Healthy,Chromium,scRNA-seq,2018,SRP135960,https://data.humancellatlas.org/explore/projects/2c041c26-f75a-495f-ab36-a076f89d422a/project-matrices,mouse_brain_source_Amit_2018,10.1016/j.cell.2018.06.021,https://brain.ifr.unifiedcellatlas.org:61011/data/datasets/mouse_brain_source_Amit_2018.zip
122,Mouse,Mouse,Hippocampal formation,Healthy,Chromium,scRNA-seq,2018,SRP135960,https://data.humancellatlas.org/explore/projects/2c041c26-f75a-495f-ab36-a076f89d422a/project-matrices,mouse_brain_source_Amit_2018,10.1016/j.cell.2018.06.021,https://brain.ifr.unifiedcellatlas.org:61011/data/datasets/mouse_brain_source_Amit_2018.zip
123,Mouse,Mouse,Hypothalamus,Healthy,Chromium,scRNA-seq,2018,SRP135960,https://data.humancellatlas.org/explore/projects/2c041c26-f75a-495f-ab36-a076f89d422a/project-matrices,mouse_brain_source_Amit_2018,10.1016/j.cell.2018.06.021,https://brain.ifr.unifiedcellatlas.org:61011/data/datasets/mouse_brain_source_Amit_2018.zip
124,Mouse,Mouse,Medulla,Healthy,Chromium,scRNA-seq,2018,SRP135960,https://data.humancellatlas.org/explore/projects/2c041c26-f75a-495f-ab36-a076f89d422a/project-matrices,mouse_brain_source_Amit_2018,10.1016/j.cell.2018.06.021,https://brain.ifr.unifiedcellatlas.org:61011/data/datasets/mouse_brain_source_Amit_2018.zip
125,Mouse,Mouse,Midbrain,Healthy,Chromium,scRNA-seq,2018,SRP135960,https://data.humancellatlas.org/explore/projects/2c041c26-f75a-495f-ab36-a076f89d422a/project-matrices,mouse_brain_source_Amit_2018,10.1016/j.cell.2018.06.021,https://brain.ifr.unifiedcellatlas.org:61011/data/datasets/mouse_brain_source_Amit_2018.zip
126,Mouse,Mouse,Olfactory bulb,Healthy,Chromium,scRNA-seq,2018,SRP135960,https://data.humancellatlas.org/explore/projects/2c041c26-f75a-495f-ab36-a076f89d422a/project-matrices,mouse_brain_source_Amit_2018,10.1016/j.cell.2018.06.021,https://brain.ifr.unifiedcellatlas.org:61011/data/datasets/mouse_brain_source_Amit_2018.zip
127,Mouse,Mouse,Pons,Healthy,Chromium,scRNA-seq,2018,SRP135960,https://data.humancellatlas.org/explore/projects/2c041c26-f75a-495f-ab36-a076f89d422a/project-matrices,mouse_brain_source_Amit_2018,10.1016/j.cell.2018.06.021,https://brain.ifr.unifiedcellatlas.org:61011/data/datasets/mouse_brain_source_Amit_2018.zip
128,Mouse,Mouse,Spinal cord,Healthy,Chromium,scRNA-seq,2018,SRP135960,https://data.humancellatlas.org/explore/projects/2c041c26-f75a-495f-ab36-a076f89d422a/project-matrices,mouse_brain_source_Amit_2018,10.1016/j.cell.2018.06.021,https://brain.ifr.unifiedcellatlas.org:61011/data/datasets/mouse_brain_source_Amit_2018.zip
129,Mouse,Mouse,Sympathetic nervous system,Healthy,Chromium,scRNA-seq,2018,SRP135960,https://data.humancellatlas.org/explore/projects/2c041c26-f75a-495f-ab36-a076f89d422a/project-matrices,mouse_brain_source_Amit_2018,10.1016/j.cell.2018.06.021,https://brain.ifr.unifiedcellatlas.org:61011/data/datasets/mouse_brain_source_Amit_2018.zip
130,Mouse,Mouse,Temporal lobe,Healthy,Chromium,scRNA-seq,2018,SRP135960,https://data.humancellatlas.org/explore/projects/2c041c26-f75a-495f-ab36-a076f89d422a/project-matrices,mouse_brain_source_Amit_2018,10.1016/j.cell.2018.06.021,https://brain.ifr.unifiedcellatlas.org:61011/data/datasets/mouse_brain_source_Amit_2018.zip
131,Mouse,Mouse,Thalamic complex,Healthy,Chromium,scRNA-seq,2018,SRP135960,https://data.humancellatlas.org/explore/projects/2c041c26-f75a-495f-ab36-a076f89d422a/project-matrices,mouse_brain_source_Amit_2018,10.1016/j.cell.2018.06.021,https://brain.ifr.unifiedcellatlas.org:61011/data/datasets/mouse_brain_source_Amit_2018.zip
132,Mouse,Mouse,Ventral striatum,Healthy,Chromium,scRNA-seq,2018,SRP135960,https://data.humancellatlas.org/explore/projects/2c041c26-f75a-495f-ab36-a076f89d422a/project-matrices,mouse_brain_source_Amit_2018,10.1016/j.cell.2018.06.021,https://brain.ifr.unifiedcellatlas.org:61011/data/datasets/mouse_brain_source_Amit_2018.zip
133,Mouse,Mouse,Whole brain,Development,Split-seq,scRNA-seq,2020,GSE110823,https://www.ncbi.nlm.nih.gov/geo/query/acc.cgi?acc=GSE110823,mouse_brain_spinalcord_Rosenberg_2018_SPLiT-seq,10.1126/science.aam8999,https://brain.ifr.unifiedcellatlas.org:61011/data/datasets/mouse_brain_spinalcord_Rosenberg_2018_SPLiT-seq.zip
134,Mouse,Mouse,Lateral geniculate nucleus (thalamus),Development,InDrops,scRNA-seq,2018,GSE108761,https://www.ncbi.nlm.nih.gov/geo/query/acc.cgi?acc=GSE108761,mouse_brain_LGN_Kalish_2018_InDrops,10.1073/pnas.1717871115,https://brain.ifr.unifiedcellatlas.org:61011/data/datasets/mouse_brain_LGN_Kalish_2018_InDrops.zip
135,Mouse,Mouse,Whole brain,Healthy,EEL FISH,scRNA-seq,2022,N/A,https://figshare.com/articles/dataset/EEL_Mouse_440_genes_single_cell_data/20310771?file=37550806,mouse_brain_Borm_2022_EEL_FISH,10.1038/s41587-022-01455-3,https://brain.ifr.unifiedcellatlas.org:61011/data/datasets/mouse_brain_Borm_2022_EEL_FISH.zip
136,Mouse,Mouse,Whole Cortex,Autism spectrum disorder,Perturb-seq,scRNA-seq,2021,GSE157977,https://singlecell.broadinstitute.org/single_cell/study/SCP1184,mouse_brain_Cortex_Jin_2020_Perturb,10.1126/science.aaz6063,https://brain.ifr.unifiedcellatlas.org:61011/data/datasets/mouse_brain_Cortex_Jin_2020_Perturb.zip
137,Mouse,Mouse,Whole Cortex,Neurodevelopmental delay,Perturb-seq,scRNA-seq,2021,GSE157977,https://singlecell.broadinstitute.org/single_cell/study/SCP1184,mouse_brain_Cortex_Jin_2020_Perturb,10.1126/science.aaz6063,https://brain.ifr.unifiedcellatlas.org:61011/data/datasets/mouse_brain_Cortex_Jin_2020_Perturb.zip
138,Mouse,Mouse,Astrocyte,Inflammation,Chromium,scRNA-seq,2021,GSE148611,https://www.ncbi.nlm.nih.gov/geo/query/acc.cgi?acc=GSE148611,mouse_brain_Astrocytes_Hasel_10x,10.1038/s41593-021-00905-6,https://brain.ifr.unifiedcellatlas.org:61011/data/datasets/mouse_brain_Astrocytes_Hasel_10x.zip
139,Mouse,Mouse,Dorsal root ganglia,Spared nerve injury,Chromium,scRNA-seq,2021,GSE155622,https://www.ncbi.nlm.nih.gov/geo/query/acc.cgi?acc=GSE155622,mouse_brain_DRG_Wang_2021_10x_smart,10.1038/s41422-021-00479-9,https://brain.ifr.unifiedcellatlas.org:61011/data/datasets/mouse_brain_DRG_Wang_2021_10x_smart.zip
140,Mouse,Mouse,Dorsal root ganglia,Spared nerve injury,Smart-seq2,scRNA-seq,2021,GSE155622,https://www.ncbi.nlm.nih.gov/geo/query/acc.cgi?acc=GSE155622,mouse_brain_DRG_Wang_2021_10x_smart,10.1038/s41422-021-00479-9,https://brain.ifr.unifiedcellatlas.org:61011/data/datasets/mouse_brain_DRG_Wang_2021_10x_smart.zip
141,Mouse,Mouse,Auditory cortex A1,Development,InDrops,snRNA-seq,2020,GSE140883,https://www.ncbi.nlm.nih.gov/geo/query/acc.cgi?acc=GSE140883,mouse_brain_auditory_cortex_Kalish_2020_InDrops,10.1073/pnas.1920433117,https://brain.ifr.unifiedcellatlas.org:61011/data/datasets/mouse_brain_auditory_cortex_Kalish_2020_InDrops.zip
142,Mouse,Mouse,Microglia,Development,Chromium,scRNA-seq,2019,GSE121654,https://www.ncbi.nlm.nih.gov/geo/query/acc.cgi?acc=GSE121654,mouse_brain_microglia_Hammond_2018_10x,10.1016/j.immuni.2018.11.004,https://brain.ifr.unifiedcellatlas.org:61011/data/datasets/mouse_brain_microglia_Hammond_2018_10x.zip
143,Mouse,Mouse,GABAergic neuron,Development,Chromium,scRNA-seq,2021,GSE188528,https://www.ncbi.nlm.nih.gov/geo/query/acc.cgi?acc=GSE188528,mouse_brain_GABAergicNeuron_Bandler_2021_10x,10.1038/s41586-021-04237-0,https://brain.ifr.unifiedcellatlas.org:61011/data/datasets/mouse_brain_GABAergicNeuron_Bandler_2021_10x.zip
144,Mouse,Mouse,Choroid plexus,Development,Chromium,scRNA-seq,2021,GSE168704,https://www.ncbi.nlm.nih.gov/geo/query/acc.cgi?acc=GSE168704,mouse_brain_choroid_plexus_Dani_2021_10x,10.1016/j.cell.2021.04.003,https://brain.ifr.unifiedcellatlas.org:61011/data/datasets/mouse_brain_choroid_plexus_Dani_2021_10x.zip
145,Mouse,Mouse,Choroid plexus,Development,Chromium,snRNA-seq,2021,GSE168704,https://www.ncbi.nlm.nih.gov/geo/query/acc.cgi?acc=GSE168704,mouse_brain_choroid_plexus_Dani_2021_10x,10.1016/j.cell.2021.04.003,https://brain.ifr.unifiedcellatlas.org:61011/data/datasets/mouse_brain_choroid_plexus_Dani_2021_10x.zip
146,Mouse,Mouse,Barrel cortex,Whisker lesioning,InDrops,scRNA-seq,2019,GSE129150,https://www.ncbi.nlm.nih.gov/geo/query/acc.cgi?acc=GSE129150,mouse_brain_barrel_somatosensory_cortex_Gunner_2019_InDrops,10.1038/s41593-019-0419-y,https://brain.ifr.unifiedcellatlas.org:61011/data/datasets/mouse_brain_barrel_somatosensory_cortex_Gunner_2019_InDrops.zip
147,Mouse,Mouse,Hippocampus,Alzheimer's disease,Chromium,snRNA-seq,2020,GSE143758,https://www.ncbi.nlm.nih.gov/geo/query/acc.cgi?acc=GSE143758,mouse_brain_hippocampus_Habib_2020_10x,10.1038/s41593-020-0624-8,https://brain.ifr.unifiedcellatlas.org:61011/data/datasets/mouse_brain_hippocampus_Habib_2020_10x.zip
148,Mouse,Mouse,Prenatal neocortex,Development,Chromium,scRNA-seq,2020,GSE140817,https://www.ncbi.nlm.nih.gov/geo/query/acc.cgi?acc=GSE140817,mouse_brain_NSCs_ZhangY_2020_10x,10.1016/j.celrep.2020.03.027,https://brain.ifr.unifiedcellatlas.org:61011/data/datasets/mouse_brain_NSCs_ZhangY_2020_10x.zip
149,Mouse,Mouse,Suprachiasmatic nucleus,Healthy,Drop-seq,scRNA-seq,2020,GSE117295,https://www.ncbi.nlm.nih.gov/geo/query/acc.cgi?acc=GSE117295,mouse_brain_suprachiasmatic_nucleus_Wen_2020_10x_Drop_LCM,10.1038/s41593-020-0586-x,https://brain.ifr.unifiedcellatlas.org:61011/data/datasets/mouse_brain_suprachiasmatic_nucleus_Wen_2020_10x_Drop_LCM.zip
150,Mouse,Mouse,Suprachiasmatic nucleus,Healthy,LCM-seq,scRNA-seq,2020,GSE118403,https://www.ncbi.nlm.nih.gov/geo/query/acc.cgi?acc=GSE118403,mouse_brain_suprachiasmatic_nucleus_Wen_2020_10x_Drop_LCM,10.1038/s41593-020-0586-x,https://brain.ifr.unifiedcellatlas.org:61011/data/datasets/mouse_brain_suprachiasmatic_nucleus_Wen_2020_10x_Drop_LCM.zip
151,Mouse,Mouse,Suprachiasmatic nucleus,Healthy,Chromium,scRNA-seq,2020,GSE132608,https://www.ncbi.nlm.nih.gov/geo/query/acc.cgi?acc=GSE132608,mouse_brain_suprachiasmatic_nucleus_Wen_2020_10x_Drop_LCM,10.1038/s41593-020-0586-x,https://brain.ifr.unifiedcellatlas.org:61011/data/datasets/mouse_brain_suprachiasmatic_nucleus_Wen_2020_10x_Drop_LCM.zip
152,Mouse,Mouse,Whole brain,Brain metastasis,CITE-seq,scRNA-seq,2020,GSE134285,https://www.ncbi.nlm.nih.gov/geo/query/acc.cgi?acc=GSE134285,mouse_brain_Guldner_2020_CITE,10.1016/j.cell.2020.09.064,https://brain.ifr.unifiedcellatlas.org:61011/data/datasets/mouse_brain_Guldner_2020_CITE.zip
153,Mouse,Mouse,Whole brain,Healthy,Chromium,scRNA-seq,2019,GSE128855,https://www.ncbi.nlm.nih.gov/geo/query/acc.cgi?acc=GSE128855,mouse_brain_VanHove_2019_10x,10.1038/s41593-019-0393-4,https://brain.ifr.unifiedcellatlas.org:61011/data/datasets/mouse_brain_VanHove_2019_10x.zip
154,Mouse,Mouse,Visual cortex,Healthy,InDrops,scRNA-seq,2018,GSE102827,https://www.ncbi.nlm.nih.gov/geo/query/acc.cgi?acc=GSE102827,mouse_brain_visual_cortex_Hrvatin_2017_InDrops,10.1038/s41593-017-0029-5,https://brain.ifr.unifiedcellatlas.org:61011/data/datasets/mouse_brain_visual_cortex_Hrvatin_2017_InDrops.zip
155,Mouse,Mouse,Cortical inhibitory interneurons,Development,Chromium,scRNA-seq,2018,GSE104158,https://www.ncbi.nlm.nih.gov/geo/query/acc.cgi?acc=GSE104158,mouse_brain_cortical_inhibitory_interneurons_Mayer_2018_10x_drop_smart,10.1038/nature25999,https://brain.ifr.unifiedcellatlas.org:61011/data/datasets/mouse_brain_cortical_inhibitory_interneurons_Mayer_2018_10x_drop_smart.zip
156,Mouse,Mouse,Cortical inhibitory interneurons,Development,Drop-seq,scRNA-seq,2018,GSE104158,https://www.ncbi.nlm.nih.gov/geo/query/acc.cgi?acc=GSE104158,mouse_brain_cortical_inhibitory_interneurons_Mayer_2018_10x_drop_smart,10.1038/nature25999,https://brain.ifr.unifiedcellatlas.org:61011/data/datasets/mouse_brain_cortical_inhibitory_interneurons_Mayer_2018_10x_drop_smart.zip
157,Mouse,Mouse,Cortical inhibitory interneurons,Development,Smart-seq2,scRNA-seq,2018,GSE104158,https://www.ncbi.nlm.nih.gov/geo/query/acc.cgi?acc=GSE104158,mouse_brain_cortical_inhibitory_interneurons_Mayer_2018_10x_drop_smart,10.1038/nature25999,https://brain.ifr.unifiedcellatlas.org:61011/data/datasets/mouse_brain_cortical_inhibitory_interneurons_Mayer_2018_10x_drop_smart.zip
158,Mouse,Mouse,Mesial cerebellum,Development,Chromium,scRNA-seq,2019,GSE118068,https://www.ncbi.nlm.nih.gov/geo/query/acc.cgi?acc=GSE118068,mouse_brain_hindbrain_Vladoiu_2019_10x,10.1038/s41586-019-1158-7,https://brain.ifr.unifiedcellatlas.org:61011/data/datasets/mouse_brain_hindbrain_Vladoiu_2019_10x.zip
159,Mouse,Mouse,Hindbrain,Development,Chromium,scRNA-seq,2019,GSE118068,https://www.ncbi.nlm.nih.gov/geo/query/acc.cgi?acc=GSE118068,mouse_brain_hindbrain_Vladoiu_2019_10x,10.1038/s41586-019-1158-7,https://brain.ifr.unifiedcellatlas.org:61011/data/datasets/mouse_brain_hindbrain_Vladoiu_2019_10x.zip
160,Mouse,Mouse,Whole brain,Ischemic stroke,Chromium,scRNA-seq,2021,GSE174574,https://www.ncbi.nlm.nih.gov/geo/query/acc.cgi?acc=GSE174574,mouse_brain_Zheng_2021_10x,10.1177/0271678X211026770,https://brain.ifr.unifiedcellatlas.org:61011/data/datasets/mouse_brain_Zheng_2021_10x.zip
161,Mouse,Mouse,Medial ganglionic eminence,Development,Chromium,scRNA-seq,2021,GSE165233,https://www.ncbi.nlm.nih.gov/geo/query/acc.cgi?acc=GSE165233,mouse_brain_interneuron_Allaway_2021_10x,10.1038/s41586-021-03933-1,https://brain.ifr.unifiedcellatlas.org:61011/data/datasets/mouse_brain_interneuron_Allaway_2021_10x.zip
162,Mouse,Mouse,Cortex,Development,Chromium,scRNA-seq,2021,GSE165233,https://www.ncbi.nlm.nih.gov/geo/query/acc.cgi?acc=GSE165233,mouse_brain_interneuron_Allaway_2021_10x,10.1038/s41586-021-03933-1,https://brain.ifr.unifiedcellatlas.org:61011/data/datasets/mouse_brain_interneuron_Allaway_2021_10x.zip
163,Mouse,Mouse,Interneurons,Development,Chromium,scRNA-seq,2021,GSE165233,https://www.ncbi.nlm.nih.gov/geo/query/acc.cgi?acc=GSE165233,mouse_brain_interneuron_Allaway_2021_10x,10.1038/s41586-021-03933-1,https://brain.ifr.unifiedcellatlas.org:61011/data/datasets/mouse_brain_interneuron_Allaway_2021_10x.zip
164,Mouse,Mouse,Olfactory bulb,Healthy,Chromium,scRNA-seq,2018,GSE121891,https://www.ncbi.nlm.nih.gov/geo/query/acc.cgi?acc=GSE121891,mouse_brain_OlfactoryBulb_Tepe_2018_10x,10.1016/j.celrep.2018.11.034,https://brain.ifr.unifiedcellatlas.org:61011/data/datasets/mouse_brain_OlfactoryBulb_Tepe_2018_10x.zip
165,Mouse,Mouse,Hypothalamus,Development,Chromium,scRNA-seq,2020,GSE132730,https://www.ncbi.nlm.nih.gov/geo/query/acc.cgi?acc=GSE132730,mouse_brain_Hippothalamus_Romanov_2020_10x,10.1038/s41586-020-2266-0,https://brain.ifr.unifiedcellatlas.org:61011/data/datasets/mouse_brain_Hippothalamus_Romanov_2020_10x.zip
166,Mouse,Mouse,Cortex,Healthy,Drop-seq,snRNA-seq,2017,GSE106678,https://www.ncbi.nlm.nih.gov/geo/query/acc.cgi?acc=GSE106678,mouse_brain_cortex_Hu_2017_sNucDrop,10.1016/j.molcel.2017.11.017,https://brain.ifr.unifiedcellatlas.org:61011/data/datasets/mouse_brain_cortex_Hu_2017_sNucDrop.zip
167,Mouse,Mouse,Nucleus accumbens,Healthy,Chromium,scRNA-seq,2021,GSE118020,https://www.ncbi.nlm.nih.gov/geo/query/acc.cgi?acc=GSE118020,mouse_brain_ NAc_Chen_2021_10x,10.1038/s41593-021-00938-x,https://brain.ifr.unifiedcellatlas.org:61011/data/datasets/mouse_brain_ NAc_Chen_2021_10x.zip
168,Mouse,Mouse,sub-ventricular zone,Healthy,Microwell-seq,scRNA-seq,2019,GSE109447,https://www.ncbi.nlm.nih.gov/geo/query/acc.cgi?acc=GSE109447,mouse_brain_SubVentricularZone_Mizrak_2019_Microwell,10.1016/j.celrep.2018.12.044,https://brain.ifr.unifiedcellatlas.org:61011/data/datasets/mouse_brain_SubVentricularZone_Mizrak_2019_Microwell.zip
169,Mouse,Mouse,Cortex,Development,Chromium,scRNA-seq,2021,GSE153164,https://www.ncbi.nlm.nih.gov/geo/query/acc.cgi?acc=GSE153164,mouse_brain_Cortex_DiBella_2021_10x_scATAC,10.1038/s41586-021-03670-5,https://brain.ifr.unifiedcellatlas.org:61011/data/datasets/mouse_brain_Cortex_DiBella_2021_10x_scATAC.zip
170,Mouse,Mouse,hippocampus,Epilepsy,CITE-seq,snRNA-seq,2021,GSE163480,https://www.ncbi.nlm.nih.gov/geo/query/acc.cgi?acc=GSE163480,mouse_brain_Chung_2021_inCITE-seq,10.1038/s41592-021-01278-1,https://brain.ifr.unifiedcellatlas.org:61011/data/datasets/mouse_brain_Chung_2021_inCITE-seq.zip
171,Mouse,Mouse,Whole brain,Alzheimer's disease,MARS-seq,scRNA-seq,2017,GSE98969,https://www.ncbi.nlm.nih.gov/geo/query/acc.cgi?acc=GSE98969,mouse_brain_Keren-Shaul_2017_MARS,10.1016/j.cell.2017.05.018,https://brain.ifr.unifiedcellatlas.org:61011/data/datasets/mouse_brain_Keren-Shaul_2017_MARS.zip
172,Mouse,Mouse,Microglia,Alzheimer's disease,MARS-seq,scRNA-seq,2017,GSE98969,https://www.ncbi.nlm.nih.gov/geo/query/acc.cgi?acc=GSE98969,mouse_brain_Keren-Shaul_2017_MARS,10.1016/j.cell.2017.05.018,https://brain.ifr.unifiedcellatlas.org:61011/data/datasets/mouse_brain_Keren-Shaul_2017_MARS.zip
173,Mouse,Mouse,Microglia,Development,Chromium,scRNA-seq,2019,GSE129788,https://www.ncbi.nlm.nih.gov/geo/query/acc.cgi?acc=GSE129788,mouse_bran_microglia_Ximerakis_2019_10x,10.1038/s41593-019-0491-3,https://brain.ifr.unifiedcellatlas.org:61011/data/datasets/mouse_bran_microglia_Ximerakis_2019_10x.zip
174,Mouse,Mouse,Nucleus accumbens,Healthy,Drop-seq,scRNA-seq,2018,GSE118918,https://www.ncbi.nlm.nih.gov/geo/query/acc.cgi?acc=GSE118918,mouse_brain_nucleus_accumbens_Avey_2018_drop,10.1016/j.celrep.2018.08.080,https://brain.ifr.unifiedcellatlas.org:61011/data/datasets/mouse_brain_nucleus_accumbens_Avey_2018_drop.zip
175,Mouse,Mouse,Hypothalamus,Human African trypanosomiasis (HAT),Chromium,scRNA-seq,2022,GSE200642,https://www.ncbi.nlm.nih.gov/geo/query/acc.cgi?acc=GSE200642,mouse_brain_tumour_Quintana_2022_10x,10.1038/s41467-022-33542-z,https://brain.ifr.unifiedcellatlas.org:61011/data/datasets/mouse_brain_tumour_Quintana_2022_10x.zip
176,Mouse,Mouse,Forebrain,Human African trypanosomiasis (HAT),Chromium,scRNA-seq,2022,GSE200642,https://www.ncbi.nlm.nih.gov/geo/query/acc.cgi?acc=GSE200642,mouse_brain_tumour_Quintana_2022_10x,10.1038/s41467-022-33542-z,https://brain.ifr.unifiedcellatlas.org:61011/data/datasets/mouse_brain_tumour_Quintana_2022_10x.zip
177,Mouse,Mouse,Prefrontal cortical,Healthy,Chromium,scRNA-seq,2019,GSE124952,https://www.ncbi.nlm.nih.gov/geo/query/acc.cgi?acc=GSE124952,mouse_brain_source_Bhattacherjee_2019,10.1038/s41467-019-12054-3,https://brain.ifr.unifiedcellatlas.org:61011/data/datasets/mouse_brain_source_Bhattacherjee_2019.zip
178,Mouse,Mouse,Dentate gyrus,Development,Chromium,scRNA-seq,2018,GSE95753,https://www.ncbi.nlm.nih.gov/geo/query/acc.cgi?acc=GSE95753,mouse_brain_dentate_gyrus_Hochgerner_2018_10x_C1,10.1038/s41593-017-0056-2,https://brain.ifr.unifiedcellatlas.org:61011/data/datasets/mouse_brain_dentate_gyrus_Hochgerner_2018_10x_C1.zip
179,Mouse,Mouse,Dentate gyrus,Development,STRT-seq,scRNA-seq,2018,GSE95753,https://www.ncbi.nlm.nih.gov/geo/query/acc.cgi?acc=GSE95753,mouse_brain_dentate_gyrus_Hochgerner_2018_10x_C1,10.1038/s41593-017-0056-2,https://brain.ifr.unifiedcellatlas.org:61011/data/datasets/mouse_brain_dentate_gyrus_Hochgerner_2018_10x_C1.zip
180,Mouse,Mouse,preoptic region,Healthy,Chromium,scRNA-seq,2018,GSE113576,https://www.ncbi.nlm.nih.gov/geo/query/acc.cgi?acc=GSE113576,mouse_brain_preoptic_region_Moffitt_2018_10x,10.1126/science.aau5324,https://brain.ifr.unifiedcellatlas.org:61011/data/datasets/mouse_brain_preoptic_region_Moffitt_2018_10x.zip
181,Mouse,Mouse,Hippocampus,Healthy,Chromium,scRNA-seq,2021,GSE158450,https://www.ncbi.nlm.nih.gov/geo/query/acc.cgi?acc=GSE158450,mouse_brain_HPF_PFC_Joglekar_2021_10x_PacBio_Visium,10.1038/s41467-020-20343-5,https://brain.ifr.unifiedcellatlas.org:61011/data/datasets/mouse_brain_HPF_PFC_Joglekar_2021_10x_PacBio_Visium.zip
182,Mouse,Mouse,Prefrontal cortical,Healthy,Chromium,scRNA-seq,2021,GSE158450,https://www.ncbi.nlm.nih.gov/geo/query/acc.cgi?acc=GSE158450,mouse_brain_HPF_PFC_Joglekar_2021_10x_PacBio_Visium,10.1038/s41467-020-20343-5,https://brain.ifr.unifiedcellatlas.org:61011/data/datasets/mouse_brain_HPF_PFC_Joglekar_2021_10x_PacBio_Visium.zip
183,Mouse,Mouse,lateral hypothalamic area,Healthy,Drop-seq,scRNA-seq,2020,GSE130597,https://www.ncbi.nlm.nih.gov/geo/query/acc.cgi?acc=GSE130597,mouse_brain_Hypothalamus_Rossi_2019_Drop-Seq,10.1126/science.aax1184,https://brain.ifr.unifiedcellatlas.org:61011/data/datasets/mouse_brain_Hypothalamus_Rossi_2019_Drop-Seq.zip
184,Mouse,Mouse,Cortex,Healthy,SMARTer,scRNA-seq,2018,GSE115746,https://www.ncbi.nlm.nih.gov/geo/query/acc.cgi?acc=GSE115746,mouse_brain_cortex_Tasic_2019_SMARTer,10.1038/s41586-018-0654-5,https://brain.ifr.unifiedcellatlas.org:61011/data/datasets/mouse_brain_cortex_Tasic_2019_SMARTer.zip
185,Mouse,Mouse,Hippocampus,Inflammation,Smart-seq,scRNA-seq,2021,GSE164401,https://www.ncbi.nlm.nih.gov/geo/query/acc.cgi?acc=GSE164401,mouse_brain_hippocampus_Miguel_2021_10x,10.1038/s41586-021-04183-x,https://brain.ifr.unifiedcellatlas.org:61011/data/datasets/mouse_brain_hippocampus_Miguel_2021_10x.zip
186,Mouse,Mouse,Subventricular Zone,Healthy,Drop-seq,scRNA-seq,2018,GSE111527,https://www.ncbi.nlm.nih.gov/geo/query/acc.cgi?acc=GSE111527,mouse_brain_SubventricularZone_Zywitza_2018_Drop-seq,10.1016/j.celrep.2018.11.003,https://brain.ifr.unifiedcellatlas.org:61011/data/datasets/mouse_brain_SubventricularZone_Zywitza_2018_Drop-seq.zip
187,Mouse,Mouse,Osmosensory,Healthy,Chromium,scRNA-seq,2020,GSE154048,https://www.ncbi.nlm.nih.gov/geo/query/acc.cgi?acc=GSE154048,mouse_brain_osmosensory_Pool_2020_10x,10.1038/s41586-020-2821-8,https://brain.ifr.unifiedcellatlas.org:61011/data/datasets/mouse_brain_osmosensory_Pool_2020_10x.zip
188,Mouse,Mouse,Neocortex,Healthy,Chromium,scRNA-seq,2021,GSE147247,https://www.ncbi.nlm.nih.gov/geo/query/acc.cgi?acc=GSE147247,mouse_brain_neocortex_Wittmann_2021_10x,10.1242/dev.196022,https://brain.ifr.unifiedcellatlas.org:61011/data/datasets/mouse_brain_neocortex_Wittmann_2021_10x.zip
189,Mouse,Mouse,Cerebellum,Development,Chromium,scRNA-seq,2019,GSE122357,https://www.ncbi.nlm.nih.gov/geo/query/acc.cgi?acc=GSE122357,mouse_brain_Cerebellum_Peng_2018_10x,10.1093/jmcb/mjy089,https://brain.ifr.unifiedcellatlas.org:61011/data/datasets/mouse_brain_Cerebellum_Peng_2018_10x.zip
190,Mouse,Mouse,Hypothalamic arcuate-median eminance complex,Healthy,Drop-seq,scRNA-seq,2017,GSE93374,https://www.ncbi.nlm.nih.gov/geo/query/acc.cgi?acc=GSE93374,mouse_brain_Arcuate_Nucleus_Median_Eminence_Campbell_2017_drop,10.1038/nn.4495,https://brain.ifr.unifiedcellatlas.org:61011/data/datasets/mouse_brain_Arcuate_Nucleus_Median_Eminence_Campbell_2017_drop.zip
191,Mouse,Mouse,Medial amygdala,Healthy,Drop-seq,scRNA-seq,2017,GSE103976,https://www.ncbi.nlm.nih.gov/geo/query/acc.cgi?acc=GSE103946,mouse_brain_Amygdala_Wu_2017_Drop-seq,10.1016/j.neuron.2017.09.026,https://brain.ifr.unifiedcellatlas.org:61011/data/datasets/mouse_brain_Amygdala_Wu_2017_Drop-seq.zip
192,Mouse,Mouse,Hippocampus,Alzheimer's disease(gene model),Chromium,scRNA-seq,2020,GSE142267,https://www.ncbi.nlm.nih.gov/geo/query/acc.cgi?acc=GSE142267,mouse_brain_Microglia_Sierksma_2022_10x,10.15252/emmm.201910606,https://brain.ifr.unifiedcellatlas.org:61011/data/datasets/mouse_brain_Microglia_Sierksma_2022_10x.zip
193,Mouse,Mouse,Neocortex,Development,Drop-seq,scRNA-seq,2019,GSE123335,https://www.ncbi.nlm.nih.gov/geo/query/acc.cgi?acc=GSE123335,mouse_brain_neocortex_Loo_2019_drop,10.1038/s41467-018-08079-9,https://brain.ifr.unifiedcellatlas.org:61011/data/datasets/mouse_brain_neocortex_Loo_2019_drop.zip
194,Mouse,Mouse,Spinal cords,Paralysis,Chromium,snRNA-seq,2020,GSE142245,https://www.ncbi.nlm.nih.gov/geo/query/acc.cgi?acc=GSE142245,mouse_brain_SpinalCords_Skinnider_2021_10x,10.1038/s41587-020-0605-1,https://brain.ifr.unifiedcellatlas.org:61011/data/datasets/mouse_brain_SpinalCords_Skinnider_2021_10x.zip
195,Mouse,Mouse,Cortex,Autism spectrum disorder(gene model),Chromium,scRNA-seq,2020,GSE146298,https://www.ncbi.nlm.nih.gov/geo/query/acc.cgi?acc=GSE146298,mouse_brain_source_Fazel_2022,10.1016/j.celrep.2020.03.059,https://brain.ifr.unifiedcellatlas.org:61011/data/datasets/mouse_brain_source_Fazel_2022.zip
196,Mouse,Mouse,L5 prefrontal neurons,Autism spectrum disorder(gene model),Chromium,scRNA-seq,2020,GSE146298,https://www.ncbi.nlm.nih.gov/geo/query/acc.cgi?acc=GSE146298,mouse_brain_source_Fazel_2022,10.1016/j.celrep.2020.03.059,https://brain.ifr.unifiedcellatlas.org:61011/data/datasets/mouse_brain_source_Fazel_2022.zip
197,Mouse,Mouse,Hippocampus,Development(gene model),Chromium,scRNA-seq,2021,GSE180345,https://www.ncbi.nlm.nih.gov/geo/query/acc.cgi?acc=GSE180345,mouse_brain_Hippocampal_Mirabella_2021_10x,10.1016/j.immuni.2021.10.006,https://brain.ifr.unifiedcellatlas.org:61011/data/datasets/mouse_brain_Hippocampal_Mirabella_2021_10x.zip
198,Mouse,Mouse,Cortex,Healthy,Chromium,scRNA-seq,2020,GSE132044,https://www.ncbi.nlm.nih.gov/geo/query/acc.cgi?acc=GSE132044,mouse_brain_Ding_10x,10.1038/s41587-020-0465-8,https://brain.ifr.unifiedcellatlas.org:61011/data/datasets/mouse_brain_Ding_10x.zip
199,Mouse,Mouse,Hypothalamus,Healthy,Drop-seq,scRNA-seq,2017,GSE87544,https://www.ncbi.nlm.nih.gov/geo/query/acc.cgi?acc=GSE87544,mouse_brain_Hypothalamus_Chen_2017_drop,10.1016/j.celrep.2017.03.004,https://brain.ifr.unifiedcellatlas.org:61011/data/datasets/mouse_brain_Hypothalamus_Chen_2017_drop.zip
200,Mouse,Mouse,Whole brain,Healthy,Chromium,scRNA-seq,2022,GSE178957,https://www.ncbi.nlm.nih.gov/geo/query/acc.cgi?acc=GSE178957,mouse_brain_developing_ZhangX_2022_10x,10.1038/s41467-022-33226-8,https://brain.ifr.unifiedcellatlas.org:61011/data/datasets/mouse_brain_developing_ZhangX_2022_10x.zip
201,Mouse,Mouse,Whole brain,Healthy(Antibiotics-treated),CITE-seq,scRNA-seq,2020,GSE148127,https://www.ncbi.nlm.nih.gov/geo/query/acc.cgi?acc=GSE148127,mouse_brain_Golomb_2020_CITE,10.1016/j.celrep.2020.108438,https://brain.ifr.unifiedcellatlas.org:61011/data/datasets/mouse_brain_Golomb_2020_CITE.zip
202,Mouse,Mouse,Nucleus accumbens,Healthy,Chromium,scRNA-seq,2019,GSE160486,https://www.ncbi.nlm.nih.gov/geo/query/acc.cgi?acc=GSE160486,mouse_brain_nucleus_accumbens_Kim_2020_10x,10.1016/j.cell.2020.11.015,https://brain.ifr.unifiedcellatlas.org:61011/data/datasets/mouse_brain_nucleus_accumbens_Kim_2020_10x.zip
203,Mouse,Mouse,Olfactory bulb,Healthy,SCOPE-seq,scRNA-seq,2020,GSE134918,https://www.ncbi.nlm.nih.gov/geo/query/acc.cgi?acc=GSE134918,mouse_brain_OB_Mizrak_2020_SCOPE-seq,10.1016/j.celrep.2020.107805,https://brain.ifr.unifiedcellatlas.org:61011/data/datasets/mouse_brain_OB_Mizrak_2020_SCOPE-seq.zip
204,Mouse,Mouse,Cerebellum,Development,Chromium,scRNA-seq,2019,GSE120372,https://www.ncbi.nlm.nih.gov/geo/query/acc.cgi?acc=GSE120372,mouse_brain_Cerebellum_Wizeman_2019_10x,10.7554/eLife.42388,https://brain.ifr.unifiedcellatlas.org:61011/data/datasets/mouse_brain_Cerebellum_Wizeman_2019_10x.zip
205,Mouse,Mouse,Hippocampus,Mild traumatic brain injury,Drop-seq,scRNA-seq,2018,GSE101901,https://www.ncbi.nlm.nih.gov/geo/query/acc.cgi?acc=GSE101901,mouse_brain_hippocampus_Arneson_2018_drop,10.1038/s41467-018-06222-0,https://brain.ifr.unifiedcellatlas.org:61011/data/datasets/mouse_brain_hippocampus_Arneson_2018_drop.zip
206,Mouse,Mouse,Prefrontal cortex,Healthy,Smart-seq2,scRNA-seq,2021,GSE161936,https://www.ncbi.nlm.nih.gov/geo/query/acc.cgi?acc=GSE161936,mouse_brain_source_Lui_2020_10x,10.1016/j.cell.2020.11.046,https://brain.ifr.unifiedcellatlas.org:61011/data/datasets/mouse_brain_source_Lui_2020_10x.zip
207,Mouse,Mouse,Diencaphelon,Healthy,Chromium,scRNA-seq,2019,GSE122012,https://www.ncbi.nlm.nih.gov/geo/query/acc.cgi?acc=GSE122012,mouse_brain_diencephalon_Guo_2019_10x,10.1242/dev.174284,https://brain.ifr.unifiedcellatlas.org:61011/data/datasets/mouse_brain_diencephalon_Guo_2019_10x.zip
208,Mouse,Mouse,Lateral hypothalamic area,Healthy,Chromium,scRNA-seq,2019,GSE125065,https://www.ncbi.nlm.nih.gov/geo/query/acc.cgi?acc=GSE125065,mouse_brain_lateral_hypothalamic_area_Mickelsen_2019_10x,10.1038/s41593-019-0349-8,https://brain.ifr.unifiedcellatlas.org:61011/data/datasets/mouse_brain_lateral_hypothalamic_area_Mickelsen_2019_10x.zip
209,Mouse,Mouse,Cortex,peripheral inflammation(gene model),Chromium,scRNA-seq,2020,GSE145708,https://www.ncbi.nlm.nih.gov/geo/query/acc.cgi?acc=GSE145708,mouse_brain_Cortex_S_2020_10x,10.1016/j.celrep.2020.02.109,https://brain.ifr.unifiedcellatlas.org:61011/data/datasets/mouse_brain_Cortex_S_2020_10x.zip
210,Mouse,Mouse,Hypothalamic arcuate nucleus,Development,Chromium,scRNA-seq,2019,GSE126480,https://www.ncbi.nlm.nih.gov/geo/query/acc.cgi?acc=GSE126480,mouse_brain_hypothalamic_Huisman_2019_10x,10.1038/s41467-019-11667-y,https://brain.ifr.unifiedcellatlas.org:61011/data/datasets/mouse_brain_hypothalamic_Huisman_2019_10x.zip
211,Mouse,Mouse,Embryonic cortex,Development,Drop-seq,scRNA-seq,2017,GSE107122,https://www.ncbi.nlm.nih.gov/geo/query/acc.cgi?acc=GSE107122,mouse_brain_EmbryonicCortex_Yuzwa_2017_Drop-Seq,10.1016/j.celrep.2017.12.017,https://brain.ifr.unifiedcellatlas.org:61011/data/datasets/mouse_brain_EmbryonicCortex_Yuzwa_2017_Drop-Seq.zip
212,Mouse,Mouse,Microglia,MOG35-55immunized,CEL-seq,scRNA-seq,2019,GSE118948,https://www.ncbi.nlm.nih.gov/geo/query/acc.cgi?acc=GSE118948,mouse_brain_CD45_cells_Jordo_2019_mCEL,10.1126/science.aat7554,https://brain.ifr.unifiedcellatlas.org:61011/data/datasets/mouse_brain_CD45_cells_Jordo_2019_mCEL.zip
213,Mouse,Mouse,CAMs,MOG35-55immunized,CEL-seq,scRNA-seq,2019,GSE118948,https://www.ncbi.nlm.nih.gov/geo/query/acc.cgi?acc=GSE118948,mouse_brain_CD45_cells_Jordo_2019_mCEL,10.1126/science.aat7554,https://brain.ifr.unifiedcellatlas.org:61011/data/datasets/mouse_brain_CD45_cells_Jordo_2019_mCEL.zip
214,Mouse,Mouse,DCs,MOG35-55immunized,CEL-seq,scRNA-seq,2019,GSE118948,https://www.ncbi.nlm.nih.gov/geo/query/acc.cgi?acc=GSE118948,mouse_brain_CD45_cells_Jordo_2019_mCEL,10.1126/science.aat7554,https://brain.ifr.unifiedcellatlas.org:61011/data/datasets/mouse_brain_CD45_cells_Jordo_2019_mCEL.zip
215,Mouse,Mouse,Granulocytes,MOG35-55immunized,CEL-seq,scRNA-seq,2019,GSE118948,https://www.ncbi.nlm.nih.gov/geo/query/acc.cgi?acc=GSE118948,mouse_brain_CD45_cells_Jordo_2019_mCEL,10.1126/science.aat7554,https://brain.ifr.unifiedcellatlas.org:61011/data/datasets/mouse_brain_CD45_cells_Jordo_2019_mCEL.zip
216,Mouse,Mouse,Lymphocytes,MOG35-55immunized,CEL-seq,scRNA-seq,2019,GSE118948,https://www.ncbi.nlm.nih.gov/geo/query/acc.cgi?acc=GSE118948,mouse_brain_CD45_cells_Jordo_2019_mCEL,10.1126/science.aat7554,https://brain.ifr.unifiedcellatlas.org:61011/data/datasets/mouse_brain_CD45_cells_Jordo_2019_mCEL.zip
217,Mouse,Mouse,Monocyte-derived,MOG35-55immunized,CEL-seq,scRNA-seq,2019,GSE118948,https://www.ncbi.nlm.nih.gov/geo/query/acc.cgi?acc=GSE118948,mouse_brain_CD45_cells_Jordo_2019_mCEL,10.1126/science.aat7554,https://brain.ifr.unifiedcellatlas.org:61011/data/datasets/mouse_brain_CD45_cells_Jordo_2019_mCEL.zip
218,Mouse,Mouse,Neocortex,Development,Chromium,scRNA-seq,2020,GSE143949,https://www.ncbi.nlm.nih.gov/geo/query/acc.cgi?acc=GSE143939,mouse_brain_forebrain_Li_2020_10x,10.1126/sciadv.abd2068,https://brain.ifr.unifiedcellatlas.org:61011/data/datasets/mouse_brain_forebrain_Li_2020_10x.zip
219,Mouse,Mouse,Somatosensory cortex,Development,STRT-seq,scRNA-seq,2016,GSE75330,https://www.ncbi.nlm.nih.gov/geo/query/acc.cgi?acc=GSE75330,mouse_brain_oligodendrocyte_Marques_2016_STRT,10.1126/science.aaf6463,https://brain.ifr.unifiedcellatlas.org:61011/data/datasets/mouse_brain_oligodendrocyte_Marques_2016_STRT.zip
220,Mouse,Mouse,Striatum,Development,STRT-seq,scRNA-seq,2016,GSE75330,https://www.ncbi.nlm.nih.gov/geo/query/acc.cgi?acc=GSE75330,mouse_brain_oligodendrocyte_Marques_2016_STRT,10.1126/science.aaf6463,https://brain.ifr.unifiedcellatlas.org:61011/data/datasets/mouse_brain_oligodendrocyte_Marques_2016_STRT.zip
221,Mouse,Mouse,Dentate gyrus,Development,STRT-seq,scRNA-seq,2016,GSE75330,https://www.ncbi.nlm.nih.gov/geo/query/acc.cgi?acc=GSE75330,mouse_brain_oligodendrocyte_Marques_2016_STRT,10.1126/science.aaf6463,https://brain.ifr.unifiedcellatlas.org:61011/data/datasets/mouse_brain_oligodendrocyte_Marques_2016_STRT.zip
222,Mouse,Mouse,Hippocampus,Development,STRT-seq,scRNA-seq,2016,GSE75330,https://www.ncbi.nlm.nih.gov/geo/query/acc.cgi?acc=GSE75330,mouse_brain_oligodendrocyte_Marques_2016_STRT,10.1126/science.aaf6463,https://brain.ifr.unifiedcellatlas.org:61011/data/datasets/mouse_brain_oligodendrocyte_Marques_2016_STRT.zip
223,Mouse,Mouse,Corpus collosum,Development,STRT-seq,scRNA-seq,2016,GSE75330,https://www.ncbi.nlm.nih.gov/geo/query/acc.cgi?acc=GSE75330,mouse_brain_oligodendrocyte_Marques_2016_STRT,10.1126/science.aaf6463,https://brain.ifr.unifiedcellatlas.org:61011/data/datasets/mouse_brain_oligodendrocyte_Marques_2016_STRT.zip
224,Mouse,Mouse,Amygdala,Development,STRT-seq,scRNA-seq,2016,GSE75330,https://www.ncbi.nlm.nih.gov/geo/query/acc.cgi?acc=GSE75330,mouse_brain_oligodendrocyte_Marques_2016_STRT,10.1126/science.aaf6463,https://brain.ifr.unifiedcellatlas.org:61011/data/datasets/mouse_brain_oligodendrocyte_Marques_2016_STRT.zip
225,Mouse,Mouse,Hypothalamus,Development,STRT-seq,scRNA-seq,2016,GSE75330,https://www.ncbi.nlm.nih.gov/geo/query/acc.cgi?acc=GSE75330,mouse_brain_oligodendrocyte_Marques_2016_STRT,10.1126/science.aaf6463,https://brain.ifr.unifiedcellatlas.org:61011/data/datasets/mouse_brain_oligodendrocyte_Marques_2016_STRT.zip
226,Mouse,Mouse,Zona incerta,Development,STRT-seq,scRNA-seq,2016,GSE75330,https://www.ncbi.nlm.nih.gov/geo/query/acc.cgi?acc=GSE75330,mouse_brain_oligodendrocyte_Marques_2016_STRT,10.1126/science.aaf6463,https://brain.ifr.unifiedcellatlas.org:61011/data/datasets/mouse_brain_oligodendrocyte_Marques_2016_STRT.zip
227,Mouse,Mouse,Spinal cord,Development,STRT-seq,scRNA-seq,2016,GSE75330,https://www.ncbi.nlm.nih.gov/geo/query/acc.cgi?acc=GSE75330,mouse_brain_oligodendrocyte_Marques_2016_STRT,10.1126/science.aaf6463,https://brain.ifr.unifiedcellatlas.org:61011/data/datasets/mouse_brain_oligodendrocyte_Marques_2016_STRT.zip
228,Mouse,Mouse,Cortex,infected with West Nile virus (WNV),Chromium,scRNA-seq,2022,GSE212199,https://www.ncbi.nlm.nih.gov/geo/query/acc.cgi?acc=GSE212199,mouse_brain_CortexHPF_Rosen_2022_10x,10.1186/s13073-022-01111-0,https://brain.ifr.unifiedcellatlas.org:61011/data/datasets/mouse_brain_CortexHPF_Rosen_2022_10x.zip
229,Mouse,Mouse,Hippocampus,infected with West Nile virus (WNV),Chromium,scRNA-seq,2022,GSE212199,https://www.ncbi.nlm.nih.gov/geo/query/acc.cgi?acc=GSE212199,mouse_brain_CortexHPF_Rosen_2022_10x,10.1186/s13073-022-01111-0,https://brain.ifr.unifiedcellatlas.org:61011/data/datasets/mouse_brain_CortexHPF_Rosen_2022_10x.zip
230,Mouse,Mouse,Forebrain,Development(single or pairwise deletions of ultraconserved enhancers),Drop-seq,scRNA-seq,2018,GSE100394,https://www.ncbi.nlm.nih.gov/geo/query/acc.cgi?acc=GSE100394,mouse_brain_forebrain_Dickel_2018_drop,10.1016/j.cell.2017.12.017,https://brain.ifr.unifiedcellatlas.org:61011/data/datasets/mouse_brain_forebrain_Dickel_2018_drop.zip
231,Mouse,Mouse,Ventricular subventricular zone,Development,Chromium,scRNA-seq,2019,GSE115600,https://www.ncbi.nlm.nih.gov/geo/query/acc.cgi?acc=GSE115600,mouse_brain_SVZ_Kalamakis_2019_10x_smart,10.1016/j.cell.2019.01.040,https://brain.ifr.unifiedcellatlas.org:61011/data/datasets/mouse_brain_SVZ_Kalamakis_2019_10x_smart.zip
232,Mouse,Mouse,Ventricular subventricular zone,Development,Smart-seq2,scRNA-seq,2019,GSE115622,https://www.ncbi.nlm.nih.gov/geo/query/acc.cgi?acc=GSE115622,mouse_brain_SVZ_Kalamakis_2019_10x_smart,10.1016/j.cell.2019.01.040,https://brain.ifr.unifiedcellatlas.org:61011/data/datasets/mouse_brain_SVZ_Kalamakis_2019_10x_smart.zip
233,Mouse,Mouse,Cerebellum,Healthy,Smart-seq2,scRNA-seq,2018,GSE98816,https://www.ncbi.nlm.nih.gov/geo/query/acc.cgi?acc=GSE98816,mouse_brain_vascular_Vanlandewijck_2018_Smart-seq2,10.1038/nature25739,https://brain.ifr.unifiedcellatlas.org:61011/data/datasets/mouse_brain_vascular_Vanlandewijck_2018_Smart-seq2.zip
234,Mouse,Mouse,Basal ganglia,Healthy,Drop-seq,scRNA-seq,2017,GSE95133,https://www.ncbi.nlm.nih.gov/geo/query/acc.cgi?acc=GSE95133,mouse_brain_BasalGanglia_Wallace_2017_Drop-seq,10.1016/j.neuron.2017.03.017,https://brain.ifr.unifiedcellatlas.org:61011/data/datasets/mouse_brain_BasalGanglia_Wallace_2017_Drop-seq.zip
235,Mouse,Mouse,Neocortex,Development,SMARTer,scRNA-seq,2019,GSE118953,https://www.ncbi.nlm.nih.gov/geo/query/acc.cgi?acc=GSE118953,mouse_brain_ Neocortex_Telly_2019_SMARTer,10.1126/science.aav2522,https://brain.ifr.unifiedcellatlas.org:61011/data/datasets/mouse_brain_ Neocortex_Telly_2019_SMARTer.zip
236,Mouse,Mouse,Caudal ganglionic eminence,Development,SMARTer,scRNA-seq,2018,GSE109796,https://www.ncbi.nlm.nih.gov/geo/query/acc.cgi?acc=GSE109796,mouse_brain_Mi_2018_SMARTer,10.1126/science.aar6821,https://brain.ifr.unifiedcellatlas.org:61011/data/datasets/mouse_brain_Mi_2018_SMARTer.zip
237,Mouse,Mouse,Dorsal and ventral medial ganglionic eminence,Development,SMARTer,scRNA-seq,2018,GSE109796,https://www.ncbi.nlm.nih.gov/geo/query/acc.cgi?acc=GSE109796,mouse_brain_Mi_2018_SMARTer,10.1126/science.aar6821,https://brain.ifr.unifiedcellatlas.org:61011/data/datasets/mouse_brain_Mi_2018_SMARTer.zip
238,Mouse,Mouse,Mycroglia,Development,Smart-seq2,scRNA-seq,2019,GSE123022,https://www.ncbi.nlm.nih.gov/geo/query/acc.cgi?acc=GSE123022,mouse_brain_mycroglia_myeloid_Li_2018_smart,10.1016/j.neuron.2018.12.006,https://brain.ifr.unifiedcellatlas.org:61011/data/datasets/mouse_brain_mycroglia_myeloid_Li_2018_smart.zip
239,Mouse,Mouse,Mycroglia,Development,Smart-seq2,scRNA-seq,2019,GSE123024,https://www.ncbi.nlm.nih.gov/geo/query/acc.cgi?acc=GSE123024,mouse_brain_mycroglia_myeloid_Li_2018_smart,10.1016/j.neuron.2018.12.006,https://brain.ifr.unifiedcellatlas.org:61011/data/datasets/mouse_brain_mycroglia_myeloid_Li_2018_smart.zip
240,Mouse,Mouse,Mycroglia,Development,Smart-seq2,scRNA-seq,2019,GSE123025,https://www.ncbi.nlm.nih.gov/geo/query/acc.cgi?acc=GSE123025,mouse_brain_mycroglia_myeloid_Li_2018_smart,10.1016/j.neuron.2018.12.006,https://brain.ifr.unifiedcellatlas.org:61011/data/datasets/mouse_brain_mycroglia_myeloid_Li_2018_smart.zip
241,Mouse,Mouse,Myeloid,Development,Smart-seq2,scRNA-seq,2019,GSE123025,https://www.ncbi.nlm.nih.gov/geo/query/acc.cgi?acc=GSE123025,mouse_brain_mycroglia_myeloid_Li_2018_smart,10.1016/j.neuron.2018.12.006,https://brain.ifr.unifiedcellatlas.org:61011/data/datasets/mouse_brain_mycroglia_myeloid_Li_2018_smart.zip
242,Mouse,Mouse,Astrocyte,Healthy,Smart-seq2,scRNA-seq,2020,GSE114000,https://www.ncbi.nlm.nih.gov/geo/query/acc.cgi?acc=GSE114000,mouse_brain_Astrocytes_Batiuk_2020_smart,10.1038/s41467-019-14198-8,https://brain.ifr.unifiedcellatlas.org:61011/data/datasets/mouse_brain_Astrocytes_Batiuk_2020_smart.zip
243,Mouse,Mouse,Whole brain,Development,Chromium,scRNA-seq,2020,GSE138903,https://www.ncbi.nlm.nih.gov/geo/query/acc.cgi?acc=GSE138903,mouse_brain_Ikonomou_2020_10x,10.1038/s41467-020-14348-3,https://brain.ifr.unifiedcellatlas.org:61011/data/datasets/mouse_brain_Ikonomou_2020_10x.zip
244,Mouse,Mouse,Hippocampus,Healthy,ScNaUmi-seq,scRNA-seq,2020,GSE130708,https://data.humancellatlas.org/explore/projects/0d4b87ea-6e9e-4569-82e4-1343e0e3259f/m/project-matrices,mouse_brain_source_Kevin_2020,10.1038/s41467-020-17800-6,https://brain.ifr.unifiedcellatlas.org:61011/data/datasets/mouse_brain_source_Kevin_2020.zip
245,Mouse,Mouse,Cortex,Healthy,ScNaUmi-seq,scRNA-seq,2020,GSE130708,https://data.humancellatlas.org/explore/projects/0d4b87ea-6e9e-4569-82e4-1343e0e3259f/m/project-matrices,mouse_brain_source_Kevin_2020,10.1038/s41467-020-17800-6,https://brain.ifr.unifiedcellatlas.org:61011/data/datasets/mouse_brain_source_Kevin_2020.zip
246,Mouse,Mouse,Ventricular zone,Healthy,ScNaUmi-seq,scRNA-seq,2020,GSE130708,https://data.humancellatlas.org/explore/projects/0d4b87ea-6e9e-4569-82e4-1343e0e3259f/m/project-matrices,mouse_brain_source_Kevin_2020,10.1038/s41467-020-17800-6,https://brain.ifr.unifiedcellatlas.org:61011/data/datasets/mouse_brain_source_Kevin_2020.zip
247,Mouse,Mouse,Central Amygdala,Healthy,Chromium,snRNA-seq,2023,GSE231790,https://www.ncbi.nlm.nih.gov/geo/query/acc.cgi?acc=GSE231790,mouse_brain_Amygdala_Peters_2022_mFISH,10.1126/sciadv.adf6521,https://brain.ifr.unifiedcellatlas.org:61011/data/datasets/mouse_brain_Amygdala_Peters_2022_mFISH.zip
248,Mouse,Mouse,Hippocampus,Healthy,Slide-seq,scRNA-seq,2020,SCP354,https://singlecell.broadinstitute.org/single_cell/study/SCP354/slide-seq-study#/,mouse_brain_Rodriques_2019_Slide-seq,10.1126/science.aaw1219,https://brain.ifr.unifiedcellatlas.org:61011/data/datasets/mouse_brain_Rodriques_2019_Slide-seq.zip
249,Mouse,Mouse,Olfactory bulb,Healthy,Slide-seq,scRNA-seq,2020,SCP354,https://singlecell.broadinstitute.org/single_cell/study/SCP354/slide-seq-study#/,mouse_brain_Rodriques_2019_Slide-seq,10.1126/science.aaw1219,https://brain.ifr.unifiedcellatlas.org:61011/data/datasets/mouse_brain_Rodriques_2019_Slide-seq.zip
250,Mouse,Mouse,Neocortex,Healthy,Smart-seq,scRNA-seq,2021,N/A,https://portal.brain-map.org/explore/classes/multimodal-characterization,human_mouse_brain_neocortex_Berg_2021_SMART-Seq,10.1038/s41586-021-03813-8,https://brain.ifr.unifiedcellatlas.org:61011/data/datasets/human_mouse_brain_neocortex_Berg_2021_SMART-Seq.zip
251,Mouse,Mouse,Neurons,Healthy,Smart-seq,scRNA-seq,2021,GSE181363,https://www.ncbi.nlm.nih.gov/geo/query/acc.cgi?acc=GSE181363,mouse_brain_neurons_Peng_2021_SMART-seq,10.1038/s41586-021-03941-1,https://brain.ifr.unifiedcellatlas.org:61011/data/datasets/mouse_brain_neurons_Peng_2021_SMART-seq.zip
252,Mouse,Mouse,Neural crest,Development,Smart-seq2,scRNA-seq,2019,GSE129114,https://www.ncbi.nlm.nih.gov/geo/query/acc.cgi?acc=GSE129114,mouse_brain_NeuralCrest_Soldatov_2019_Smart-seq2,10.1126/science.aas9536,https://brain.ifr.unifiedcellatlas.org:61011/data/datasets/mouse_brain_NeuralCrest_Soldatov_2019_Smart-seq2.zip
253,Mouse,Mouse,Hippocampus,Alzheimer's disease,STRT-seq,snRNA-seq,2020,GSE141044,https://www.ncbi.nlm.nih.gov/geo/query/acc.cgi?acc=GSE141044,mouse_brain_Hippocampus_ZhongS_2020_STRT-Seq,10.1080/09168451.2020.1714420,https://brain.ifr.unifiedcellatlas.org:61011/data/datasets/mouse_brain_Hippocampus_ZhongS_2020_STRT-Seq.zip
